,dates,confirmed,deaths,recovered,unrecovered,confirmed_increment,deaths_increment,recovered_increment,unrecovered_increment,death_rate,recovered_rate,mobility,people_vaccinated,total_tests,icu_patients,hosp_patients,median_age,trends_covid,trends_vaccine
0,0,557,17,30,510,0.0,0.0,0.0,0.0,0.03052064631956912,0.05385996409335727,474849.12999999954,0.0,4141.0,0.0,0.0,37.21,0.0,4.0
1,1,655,18,32,605,98.0,1.0,2.0,95.0,0.02748091603053435,0.04885496183206107,493538.0399999997,0.0,4162.0,0.0,0.0,37.25833333333333,0.0,3.0
2,2,941,26,39,876,286.0,8.0,7.0,271.0,0.02763018065887354,0.04144527098831031,585412.0900000008,0.0,4469.0,0.0,0.0,38.01428571428572,0.0,3.0
3,3,1433,42,42,1349,492.0,16.0,3.0,473.0,0.02930914166085136,0.02930914166085136,591706.0400000005,0.0,4670.0,0.0,0.0,36.69375,0.0,3.0
4,4,2118,56,56,2006,685.0,14.0,14.0,657.0,0.02644003777148253,0.02644003777148253,442683.52999999915,0.0,5372.0,0.0,0.0,37.02222222222222,0.0,3.0
5,5,2927,82,65,2780,809.0,26.0,9.0,774.0,0.02801503245644004,0.022207037922787838,461885.3000000008,0.0,5888.0,0.0,0.0,36.7952380952381,0.0,4.0
6,6,5578,131,108,5339,2651.0,49.0,43.0,2559.0,0.023485120114736465,0.01936177841520258,469798.3100000012,0.0,6447.0,0.0,0.0,36.7952380952381,0.0,4.0
7,7,6167,133,127,5907,589.0,2.0,19.0,568.0,0.021566401816118047,0.02059348143343603,472660.0099999992,0.0,6804.0,0.0,0.0,36.934782608695656,0.0,4.0
8,8,8235,171,145,7919,2068.0,38.0,18.0,2012.0,0.020765027322404372,0.017607771706132362,496873.22999999934,0.0,7502.0,0.0,0.0,35.82692307692308,0.0,4.0
9,9,9927,213,225,9489,1692.0,42.0,80.0,1570.0,0.021456633423995165,0.022665457842248413,590557.6600000015,0.0,11284.0,0.0,0.0,36.82000000000001,0.0,4.0
10,10,12038,259,287,11492,2111.0,46.0,62.0,2003.0,0.021515201860774213,0.023841169629506564,598188.7599999997,0.0,8739.0,0.0,0.0,36.97741935483871,0.0,3.0
11,11,16787,362,476,15949,4749.0,103.0,189.0,4457.0,0.021564305712753917,0.028355274915112885,441070.49000000185,0.0,8876.0,1.0,6.0,37.83333333333333,0.0,3.0
12,12,19887,426,627,18834,3100.0,64.0,151.0,2885.0,0.021421028812792276,0.03152813395685624,471151.07999999955,0.0,8861.0,1.0,6.0,37.2125,0.0,4.0
13,13,23898,492,857,22549,4011.0,66.0,230.0,3715.0,0.020587496861662065,0.03586074148464306,475077.8400000002,0.0,10102.0,1.0,6.0,37.35151515151515,0.0,4.0
14,14,27643,564,1129,25950,3745.0,72.0,272.0,3401.0,0.02040299533335745,0.040842166190355605,471602.3400000016,0.0,10597.0,1.0,6.0,37.35151515151515,0.0,4.0
15,15,30803,634,1492,28677,3160.0,70.0,363.0,2727.0,0.020582410804142453,0.04843684056747719,493737.0900000006,0.0,11334.0,0.0,6.0,37.49999999999999,0.0,4.0
16,16,34396,719,2016,31661,3593.0,85.0,524.0,2984.0,0.020903593441097802,0.05861146644958716,589042.1999999994,0.0,12575.0,1.0,11.0,36.99722222222222,0.0,4.0
17,17,37130,806,2616,33708,2734.0,87.0,600.0,2047.0,0.02170751413950983,0.07045515755453811,606956.8899999992,0.0,13898.0,1.0,11.0,36.99722222222222,0.0,3.0
18,18,40160,906,3245,36009,3030.0,100.0,629.0,2301.0,0.0225597609561753,0.08080179282868526,468008.8599999997,0.0,16679.0,1.0,11.0,37.7047619047619,0.0,3.0
19,19,42769,1013,3947,37809,2609.0,107.0,702.0,1800.0,0.02368537959737193,0.09228646917159625,487290.6399999984,0.0,18161.0,1.0,11.0,36.99722222222222,0.0,3.0
20,20,44811,1113,4684,39014,2042.0,100.0,737.0,1205.0,0.024837651469505256,0.10452790609448573,492408.30000000016,0.0,16918.0,0.0,11.0,36.99722222222222,0.0,4.0
21,21,45229,1118,5151,38960,418.0,5.0,467.0,-54.0,0.024718653960954254,0.11388710782904773,498327.78000000084,0.0,18904.0,1.0,12.0,37.151351351351344,1.0,4.0
22,22,60382,1371,6294,52717,15153.0,253.0,1143.0,13757.0,0.02270544201914478,0.10423636182968435,536880.0299999999,0.0,20926.0,1.0,8.0,37.140540540540535,1.0,4.0
23,23,66909,1523,8057,57329,6527.0,152.0,1763.0,4612.0,0.022762259187852157,0.12041728317565649,674107.300000001,0.0,25596.0,0.0,0.0,36.82894736842105,1.0,3.0
24,24,69052,1666,9396,57990,2143.0,143.0,1339.0,661.0,0.02412674506169264,0.13607136650640098,658922.320000002,0.0,23041.0,0.0,7.0,37.532558139534885,1.0,3.0
25,25,71235,1770,10866,58599,2183.0,104.0,1470.0,609.0,0.024847336281322383,0.1525373762897452,516267.73000000016,0.0,29503.0,0.0,0.0,36.82894736842105,1.0,2.0
26,26,73270,1868,12583,58819,2035.0,98.0,1717.0,220.0,0.0254947454619899,0.17173467995086666,539111.58,0.0,25782.0,0.0,0.0,36.47179487179487,1.0,3.0
27,27,75152,2008,14352,58792,1882.0,140.0,1769.0,-27.0,0.026719182456887376,0.19097296146476475,514324.7099999992,0.0,35213.0,0.0,0.0,36.47179487179487,1.0,3.0
28,28,75652,2123,16121,57408,500.0,115.0,1769.0,-1384.0,0.028062708190133772,0.2130941680325702,518824.71000000054,0.0,30760.0,0.0,4.0,36.36999999999999,1.0,3.0
29,29,76212,2248,18179,55785,560.0,125.0,2058.0,-1623.0,0.029496667191518396,0.2385319897129061,539308.0299999998,0.0,34724.0,0.0,11.0,36.229268292682924,1.0,4.0
30,30,76841,2252,18892,55697,629.0,4.0,713.0,-88.0,0.029307270858005493,0.2458583308390052,648738.6400000002,0.0,46783.0,0.0,1.0,36.107142857142854,1.0,3.0
31,31,78602,2459,22889,53254,1761.0,207.0,3997.0,-2443.0,0.031284191241953134,0.2912012416986845,668791.3099999982,0.0,55548.0,0.0,0.0,36.107142857142854,2.0,3.0
32,32,78982,2470,23394,53118,380.0,11.0,505.0,-136.0,0.031272948266693676,0.29619406953483074,512269.07999999955,0.0,46411.0,0.0,1.0,36.989999999999995,2.0,3.0
33,33,79546,2630,25227,51689,564.0,160.0,1833.0,-1429.0,0.03306263042767707,0.31713725391597314,501981.9999999985,0.0,58860.0,26.0,127.0,35.333999999999996,3.0,4.0
34,34,80399,2710,27905,49784,853.0,80.0,2678.0,-1905.0,0.03370688690157838,0.3470814313610866,505908.23000000004,0.0,74335.0,35.0,151.0,35.376363636363635,3.0,6.0
35,35,81376,2771,30386,48219,977.0,61.0,2481.0,-1565.0,0.03405180888714117,0.37340247738891075,508126.5700000007,0.0,86830.0,36.0,169.0,35.954838709677425,4.0,6.0
36,36,82736,2814,33278,46644,1360.0,43.0,2892.0,-1575.0,0.03401179655772578,0.4022191065557919,537298.1600000013,0.0,119279.0,65.0,331.0,36.089062500000004,5.0,6.0
37,37,84122,2873,36710,44539,1386.0,59.0,3432.0,-2105.0,0.03415277810798602,0.4363900049927486,642563.4399999995,0.0,146554.0,72.0,421.0,35.65735294117648,5.0,6.0
38,38,86013,2942,39781,43290,1891.0,69.0,3071.0,-1249.0,0.03420413193354493,0.4624998546731308,649860.8499999988,0.0,174228.0,123.0,605.0,35.993150684931514,5.0,5.0
39,39,88394,2996,42717,42681,2381.0,54.0,2936.0,-609.0,0.03389370319252438,0.483256782134534,500565.8199999997,0.0,160127.0,160.0,918.0,35.846153846153854,5.0,5.0
40,40,90377,3085,45601,41691,1983.0,89.0,2884.0,-990.0,0.03413479093132102,0.5045642143465705,497394.2200000001,0.0,181788.0,176.0,956.0,35.715,7.0,7.0
41,41,92971,3160,48227,41584,2594.0,75.0,2626.0,-107.0,0.0339890933732024,0.5187316475029848,510847.7,0.0,234951.0,241.0,1317.0,35.533734939759036,7.0,7.0
42,42,95279,3255,51169,40855,2308.0,95.0,2942.0,-729.0,0.034162827065775246,0.5370438396708613,514024.9200000019,0.0,313641.0,325.0,1710.0,35.404545454545456,8.0,6.0
43,43,98090,3349,53795,40946,2811.0,94.0,2626.0,91.0,0.0341421143847487,0.5484249158935671,546933.5700000005,0.0,302516.0,389.0,2227.0,35.31666666666667,9.0,7.0
44,44,102003,3460,55863,42680,3913.0,111.0,2068.0,1734.0,0.03392057096359911,0.547660362930502,651112.1999999976,0.0,381640.0,520.0,2958.0,34.92604166666666,11.0,6.0
45,45,106098,3564,58357,44177,4095.0,104.0,2494.0,1497.0,0.03359158513826839,0.5500292182699014,660566.7600000012,0.0,423466.0,633.0,3358.0,34.83917525773195,11.0,5.0
46,46,110047,3803,60694,45550,3949.0,239.0,2337.0,1373.0,0.03455796159822621,0.55152798349796,511134.40000000084,0.0,390721.0,677.0,4368.0,34.922999999999995,12.0,5.0
47,47,114219,3993,62493,47733,4172.0,190.0,1799.0,2183.0,0.034959157408137,0.5471331389698737,509657.3000000005,0.0,424089.0,831.0,5267.0,34.87087378640776,17.0,7.0
48,48,119041,4267,64400,50374,4822.0,274.0,1907.0,2641.0,0.03584479297048916,0.5409900790483951,513437.1299999999,0.0,534269.0,1003.0,6263.0,34.64666666666666,20.0,7.0
49,49,126702,4611,66998,55093,7661.0,344.0,2598.0,4719.0,0.03639247999242316,0.5287840760208994,514703.0900000004,0.0,526383.0,1182.0,7313.0,34.1162162162162,26.0,8.0
50,50,132492,4917,68321,59254,5790.0,306.0,1323.0,4161.0,0.037111674667149715,0.5156613229478006,505190.62999999936,0.0,366256.0,1352.0,8372.0,33.999999999999986,42.0,13.0
51,51,146876,5414,70248,71214,14384.0,497.0,1927.0,11960.0,0.03686102562705956,0.47828099893787956,553894.2299999999,0.0,646333.0,1412.0,9454.0,33.72352941176469,49.0,16.0
52,52,157950,5834,72620,79496,11074.0,420.0,2372.0,8282.0,0.03693573915796138,0.45976574865463754,515636.6200000001,0.0,567596.0,1932.0,10734.0,33.12290076335876,46.0,13.0
53,53,169219,6475,76031,86713,11269.0,641.0,3411.0,7217.0,0.0382640247253559,0.4493053380530555,400378.15000000043,0.0,767982.0,1864.0,13006.0,32.79259259259257,57.0,13.0
54,54,184027,7153,78086,98788,14808.0,678.0,2055.0,12075.0,0.038869296353252515,0.42431817070321204,403248.3500000002,0.0,905218.0,2112.0,14455.0,32.384285714285696,70.0,18.0
55,55,199970,7967,80830,111173,15943.0,814.0,2744.0,12385.0,0.039840976146421965,0.4042106315947392,379183.79999999964,0.0,834518.0,3076.0,19570.0,32.379020979020964,75.0,17.0
56,56,219535,8874,83317,127344,19565.0,907.0,2487.0,16171.0,0.04042180062404628,0.3795157947479901,364942.8899999998,0.0,864058.0,3438.0,21977.0,32.22448979591835,75.0,16.0
57,57,246584,9985,84958,151641,27049.0,1111.0,1641.0,24297.0,0.04049330045745061,0.3445397917139798,358001.55999999837,0.0,1416170.0,4039.0,25376.0,32.057333333333325,78.0,14.0
58,58,277359,11470,87403,178486,30775.0,1485.0,2445.0,26845.0,0.04135434581174579,0.3151258837823903,381094.32000000094,0.0,1522746.0,4867.0,27652.0,31.543312101910818,81.0,12.0
59,59,309350,13192,91650,204508,31991.0,1722.0,4247.0,26022.0,0.04264425408113787,0.29626636495878456,333481.8200000001,0.0,1764133.0,5507.0,30875.0,31.371069182389924,84.0,11.0
60,60,344205,14877,97867,231461,34855.0,1685.0,6217.0,26953.0,0.04322133612236894,0.28432765357853607,267363.4599999997,0.0,2480449.0,6036.0,34889.0,31.133742331288335,94.0,13.0
61,61,387040,16826,98335,271879,42835.0,1949.0,468.0,40418.0,0.04347354278627532,0.2540693468375362,291176.8100000006,0.0,2172805.0,6936.0,38530.0,31.096341463414625,100.0,18.0
62,62,428219,19116,107974,301129,41179.0,2290.0,9639.0,29250.0,0.044640709543481254,0.25214668195479417,289838.06,0.0,2342496.0,7928.0,42309.0,31.055757575757564,95.0,15.0
63,63,479220,21926,113753,343541,51001.0,2810.0,5779.0,42412.0,0.04575351613037853,0.23737114477692917,291922.9000000004,0.0,2588984.0,8960.0,46815.0,30.89820359281436,96.0,11.0
64,64,542097,24962,122125,395010,62877.0,3036.0,8372.0,51469.0,0.04604710965011797,0.22528256013222725,296039.7999999998,0.0,2719089.0,9764.0,51128.0,30.89820359281436,92.0,11.0
65,65,607138,28450,130910,447778,65041.0,3488.0,8785.0,52768.0,0.046859198402998986,0.21561819553379957,315857.45999999985,0.0,3259245.0,10671.0,63019.0,30.887499999999985,98.0,11.0
66,66,674418,32180,139421,502817,67280.0,3730.0,8511.0,55039.0,0.04771521519295155,0.20672787499740516,280418.7300000002,0.0,3517922.0,11640.0,67477.0,30.887499999999985,98.0,11.0
67,67,733655,35699,148877,549079,59237.0,3519.0,9456.0,46262.0,0.04865911088999598,0.20292508058965045,242864.2399999992,0.0,4554252.0,12347.0,71996.0,30.811834319526614,94.0,12.0
68,68,798949,39780,164214,594955,65294.0,4081.0,15337.0,45876.0,0.049790412153967276,0.20553752492336808,275451.2500000001,0.0,3742622.0,13332.0,76532.0,30.78235294117646,92.0,11.0
69,69,875794,44528,177804,653462,76845.0,4748.0,13590.0,58507.0,0.05084300646042334,0.2030203449669671,274571.46,0.0,4677656.0,14402.0,80527.0,30.719075144508658,90.0,10.0
70,70,958586,50527,193076,714983,82792.0,5999.0,15272.0,61521.0,0.05270992899958898,0.20141750453271798,281879.02,0.0,5041092.0,15408.0,85040.0,30.637209302325573,94.0,11.0
71,71,1041649,56414,210219,775016,83063.0,5887.0,17143.0,60033.0,0.0541583585257606,0.2018136627597204,283661.99999999924,0.0,5582095.0,18338.0,87966.0,30.637209302325573,93.0,11.0
72,72,1125200,62574,225641,836985,83551.0,6160.0,15422.0,61969.0,0.05561144685389264,0.20053412726626377,299407.8300000011,0.0,6158302.0,19360.0,91195.0,30.637209302325573,92.0,12.0
73,73,1183589,68490,246053,869046,58389.0,5916.0,20412.0,32061.0,0.05786637084325724,0.20788719732947838,268550.32000000076,0.0,6162606.0,19817.0,94255.0,30.637209302325573,90.0,12.0
74,74,1256181,73676,259889,922616,72592.0,5186.0,13836.0,53570.0,0.058650783605228865,0.20688817933084483,237081.79999999978,0.0,8913104.0,20392.0,93973.0,30.571098265895944,88.0,12.0
75,75,1329324,79614,276598,973112,73143.0,5938.0,16709.0,50496.0,0.059890591007158524,0.20807417905642267,279479.2499999997,0.0,7903514.0,20751.0,99039.0,30.50287356321838,92.0,10.0
76,76,1399153,87875,299860,1011418,69829.0,8261.0,23262.0,38306.0,0.06280585468494153,0.2143153750876423,286713.1100000006,0.0,8563041.0,21178.0,99661.0,30.50287356321838,86.0,10.0
77,77,1482508,94681,328742,1059085,83355.0,6806.0,28882.0,47667.0,0.06386542264864675,0.22174720136417475,290891.6499999993,0.0,9290524.0,21128.0,102702.0,30.50287356321838,84.0,9.0
78,78,1569527,102464,353996,1113067,87019.0,7783.0,25254.0,53982.0,0.06528336243976689,0.2255431094845772,290396.6299999996,0.0,10020636.0,21081.0,100655.0,30.50287356321838,81.0,10.0
79,79,1655062,109842,375734,1169486,85535.0,7378.0,21738.0,56419.0,0.06636730225212106,0.2270211025327148,308928.5999999997,0.0,10613099.0,21097.0,101227.0,30.444571428571418,81.0,10.0
80,80,1729373,116015,401984,1211374,74311.0,6173.0,26250.0,41888.0,0.0670850071095131,0.2324449381365385,280139.6899999998,0.0,11218870.0,20877.0,100890.0,30.444571428571418,75.0,9.0
81,81,1849067,121873,421367,1305827,119694.0,5858.0,19383.0,94453.0,0.06591053758463052,0.2278808718126493,201141.49999999948,0.0,13528916.0,20809.0,101550.0,30.444571428571418,71.0,9.0
82,82,1919799,127843,448624,1343332,70732.0,5970.0,27257.0,37505.0,0.06659186716942764,0.2336827970011444,271347.7400000001,0.0,12894850.0,20705.0,104153.0,30.444571428571418,81.0,10.0
83,83,2003766,134812,473698,1395256,83967.0,6969.0,25074.0,51924.0,0.06727931305352022,0.236403851547536,291361.5700000009,0.0,12878157.0,20474.0,101771.0,30.444571428571418,77.0,10.0
84,84,2080914,143278,510237,1427399,77148.0,8466.0,36539.0,32143.0,0.06885339807411552,0.24519850411886315,304604.34000000026,0.0,13316159.0,20024.0,102740.0,30.444571428571418,81.0,9.0
85,85,2176465,150537,541120,1484808,95551.0,7259.0,30883.0,57409.0,0.06916582623658088,0.24862334105992975,311221.34000000067,0.0,13809189.0,19713.0,102007.0,30.444571428571418,80.0,10.0
86,86,2264462,158930,567304,1538228,87997.0,8393.0,26184.0,53420.0,0.07018444116085852,0.2505248487278656,334810.8599999997,0.0,14855756.0,19307.0,99585.0,30.444571428571418,83.0,10.0
87,87,2341702,165082,591170,1585450,77240.0,6152.0,23866.0,47222.0,0.07049658752480034,0.25245313024458277,316819.7299999997,0.0,15006455.0,19133.0,95224.0,30.444571428571418,74.0,9.0
88,88,2418307,170314,622953,1625040,76605.0,5232.0,31783.0,39590.0,0.07042695571736757,0.25759880776096666,267379.4200000001,0.0,18215162.0,18688.0,97548.0,30.444571428571418,71.0,9.0
89,89,2494325,176188,645131,1673006,76018.0,5874.0,22178.0,47966.0,0.07063554268188789,0.2586395116915398,316709.6300000005,0.0,16240402.0,18567.0,97278.0,30.444571428571418,73.0,8.0
90,90,2570074,183463,679933,1706678,75749.0,7275.0,34802.0,33672.0,0.07138432589878735,0.26455775203359905,318668.05000000016,0.0,17132542.0,17902.0,95746.0,30.444571428571418,73.0,9.0
91,91,2651321,190319,710018,1750984,81247.0,6856.0,30085.0,44306.0,0.07178270756351268,0.2677978260648183,323277.06000000006,0.0,17537174.0,17349.0,94558.0,30.444571428571418,71.0,13.0
92,92,2735570,197152,738748,1799670,84249.0,6833.0,28730.0,48686.0,0.07206980629265565,0.2700526764074763,325969.4699999993,0.0,20229120.0,16831.0,91544.0,30.444571428571418,70.0,12.0
93,93,2819666,203920,788777,1826969,84096.0,6768.0,50029.0,27299.0,0.07232062237158586,0.27974128850722035,365045.6399999999,0.0,20021402.0,16229.0,89036.0,30.444571428571418,67.0,11.0
94,94,2901925,209547,816532,1875846,82259.0,5627.0,27755.0,48877.0,0.07220965393661104,0.28137598318357643,346756.2299999993,0.0,20348423.0,15860.0,86958.0,30.444571428571418,63.0,11.0
95,95,2973513,213526,845344,1914643,71588.0,3979.0,28812.0,38797.0,0.07180933797834413,0.2842913415882157,295831.91999999946,0.0,23648219.0,15545.0,86589.0,30.444571428571418,65.0,11.0
96,96,3043705,218271,873228,1952206,70192.0,4745.0,27884.0,37563.0,0.07171227172147103,0.28689639764694674,335521.79999999877,0.0,22660935.0,15125.0,85443.0,30.444571428571418,70.0,10.0
97,97,3119245,224852,906440,1987953,75540.0,6581.0,33212.0,35747.0,0.07208539245875203,0.29059596152274025,341831.44999999995,0.0,23355553.0,14598.0,83440.0,30.444571428571418,71.0,9.0
98,98,3196355,231573,948517,2016265,77110.0,6721.0,42077.0,28312.0,0.07244908653763428,0.2967495788171214,345550.5899999986,0.0,24587525.0,14021.0,81466.0,30.444571428571418,69.0,11.0
99,99,3279850,237416,1013633,2028801,83495.0,5843.0,65116.0,12536.0,0.07238623717548058,0.3090485845389271,366803.79999999923,0.0,26471834.0,13493.0,79135.0,30.42865168539325,68.0,11.0
100,100,3368226,242563,1051790,2073873,88376.0,5147.0,38157.0,45072.0,0.07201506074711139,0.31226823853268754,415007.48999999993,0.0,27149337.0,12963.0,76866.0,30.347457627118633,67.0,10.0
101,101,3447426,248059,1092441,2106926,79200.0,5496.0,40651.0,33053.0,0.07195484399084999,0.31688598972102666,405374.9300000001,0.0,28081107.0,12660.0,75962.0,30.347457627118633,62.0,9.0
102,102,3523799,251569,1124974,2147256,76373.0,3510.0,32533.0,40330.0,0.07139141591220158,0.31925033181518014,347815.9699999999,0.0,31765042.0,12440.0,75595.0,30.347457627118633,65.0,10.0
103,103,3601488,255781,1159060,2186647,77689.0,4212.0,34086.0,39391.0,0.07102092246315968,0.3218280888343929,377841.0899999992,0.0,30167796.0,12151.0,74672.0,30.347457627118633,66.0,9.0
104,104,3681990,261608,1195533,2224849,80502.0,5827.0,36473.0,38202.0,0.07105070899160508,0.32469751411600795,379653.4900000013,0.0,30596528.0,11547.0,72805.0,30.347457627118633,65.0,12.0
105,105,3772017,268110,1241652,2262255,90027.0,6502.0,46119.0,37406.0,0.07107868283732549,0.3291745503798101,392879.31000000046,0.0,31875715.0,10920.0,70600.0,30.347457627118633,66.0,18.0
106,106,3860724,273417,1281177,2306130,88707.0,5307.0,39525.0,43875.0,0.07082013632676151,0.331848896735431,414576.1300000008,0.0,35111125.0,10435.0,68287.0,30.347457627118633,63.0,13.0
107,107,3951003,278967,1317590,2354446,90279.0,5550.0,36413.0,48316.0,0.07060662824098084,0.3334824094033844,451753.19999999995,0.0,34787712.0,9969.0,66061.0,30.347457627118633,62.0,11.0
108,108,4036226,283191,1371031,2382004,85223.0,4224.0,53441.0,27558.0,0.07016232490450237,0.33968142517292144,445300.61000000034,0.0,35034682.0,9596.0,64579.0,30.347457627118633,60.0,10.0
109,109,4111202,286748,1404840,2419614,74976.0,3557.0,33809.0,37610.0,0.06974797151781888,0.3417102832699537,352900.49000000046,0.0,40038586.0,9445.0,63656.0,30.347457627118633,58.0,10.0
110,110,4187833,290235,1451725,2445873,76631.0,3487.0,46885.0,26259.0,0.06930433949968874,0.3466530303381248,68245.6100000001,0.0,37554661.0,9255.0,63553.0,30.347457627118633,64.0,10.0
111,111,4272324,295721,1488767,2487836,84491.0,5486.0,37042.0,41963.0,0.06921783085739752,0.3484677192085619,57881.56999999996,0.0,39121023.0,8732.0,61267.0,30.347457627118633,65.0,10.0
112,112,4357304,300864,1544639,2511801,84980.0,5143.0,55872.0,23965.0,0.06904820044688183,0.35449420100135315,434900.37000000034,0.0,40706667.0,8049.0,59460.0,30.301685393258417,63.0,9.0
113,113,4453535,306024,1584350,2563161,96231.0,5160.0,39711.0,51360.0,0.0687148523588565,0.35575110558241935,455794.5,0.0,44403080.0,7965.0,57382.0,30.301685393258417,63.0,10.0
114,114,4549267,311247,1632453,2605567,95732.0,5223.0,48103.0,42406.0,0.06841695596235613,0.35883868763912957,519065.89000000193,0.0,43763530.0,7686.0,55376.0,30.301685393258417,59.0,11.0
115,115,4643706,315424,1688864,2639418,94439.0,4177.0,56411.0,33851.0,0.06792505813244852,0.36368882956845244,507711.7099999991,0.0,44228675.0,7324.0,53534.0,30.301685393258417,57.0,10.0
116,116,4721728,318608,1729872,2673248,78022.0,3184.0,41008.0,33830.0,0.0674769914743077,0.3663641785380268,425642.56999999913,0.0,50542053.0,7160.0,53227.0,30.301685393258417,58.0,10.0
117,117,4810895,322371,1782788,2705736,89167.0,3763.0,52916.0,32488.0,0.06700852959792304,0.3705730430616341,458251.6200000003,0.0,47349601.0,6963.0,52924.0,30.301685393258417,60.0,14.0
118,118,4907670,327019,1834840,2745811,96775.0,4648.0,52052.0,40075.0,0.06663426840027956,0.37387191885354965,476191.5000000006,0.0,48883990.0,6641.0,50849.0,30.301685393258417,60.0,14.0
119,119,5009548,331797,1893810,2783941,101878.0,4778.0,58970.0,38130.0,0.06623292161288803,0.3780400946352845,495394.7800000002,0.0,50741602.0,6276.0,49724.0,30.301685393258417,58.0,10.0
120,120,5116192,336459,1945030,2834703,106644.0,4662.0,51220.0,50762.0,0.06576356008531345,0.38017142437187657,528579.1099999994,0.0,52996747.0,5889.0,48381.0,30.301685393258417,60.0,10.0
121,121,5222613,341706,2053577,2827330,106421.0,5247.0,108547.0,-7373.0,0.0654281678539076,0.3932087252109241,620222.2599999985,0.0,53613946.0,5888.0,47403.0,30.301685393258417,56.0,10.0
122,122,5327418,345629,2108411,2873378,104805.0,3923.0,54834.0,46048.0,0.06487739464033046,0.3957660164830317,590488.3400000015,0.0,55031315.0,5686.0,46211.0,30.301685393258417,52.0,9.0
123,123,5421629,348643,2163938,2909048,94211.0,3014.0,55527.0,35670.0,0.06430594937425634,0.39913059340652046,504344.6100000007,0.0,59175414.0,5564.0,45895.0,30.301685393258417,52.0,9.0
124,124,5508346,349855,2227667,2930824,86717.0,1212.0,63729.0,21776.0,0.0635136209671651,0.4044166797074839,504744.2400000003,0.0,57824674.0,5448.0,44690.0,30.301685393258417,55.0,8.0
125,125,5602313,354097,2282819,2965397,93967.0,4242.0,55152.0,34573.0,0.0632055010135992,0.40747794705508245,520226.19000000163,0.0,58907188.0,5201.0,43749.0,30.301685393258417,59.0,8.0
126,126,5705075,359152,2346146,2999777,102762.0,5055.0,63327.0,34380.0,0.06295307248370968,0.41123841492004926,525982.5700000008,0.0,59613467.0,4803.0,42353.0,30.301685393258417,57.0,8.0
127,127,5824358,363710,2413009,3047639,119283.0,4558.0,66863.0,47862.0,0.062446367479471555,0.41429613358244805,541163.7700000001,0.0,63400205.0,4779.0,40763.0,30.301685393258417,54.0,8.0
128,128,5945261,368318,2490274,3086669,120903.0,4608.0,77265.0,39030.0,0.06195152744345454,0.41886706067235735,623325.020000001,0.0,63874931.0,4619.0,39119.0,30.301685393258417,54.0,7.0
129,129,6081776,372342,2560724,3148710,136515.0,4024.0,70450.0,62041.0,0.06122257708932391,0.421048719979164,619149.9999999998,0.0,65368379.0,4461.0,37956.0,30.301685393258417,47.0,7.0
130,130,6188184,375032,2637108,3176044,106408.0,2690.0,76384.0,27334.0,0.06060453276761001,0.4261521635426484,514930.68000000145,0.0,71517333.0,4398.0,37389.0,30.3826815642458,47.0,7.0
131,131,6284178,378105,2692033,3214040,95994.0,3073.0,54925.0,37996.0,0.060167773732698215,0.42838267789359247,541677.0300000003,0.0,68714679.0,4340.0,37123.0,30.301685393258417,51.0,7.0
132,132,6406143,382782,2796145,3227216,121965.0,4677.0,104112.0,13176.0,0.059752334595090995,0.43647870489310026,545327.0999999986,0.0,69827800.0,4250.0,36435.0,30.301685393258417,51.0,7.0
133,133,6520382,388215,2875236,3256931,114239.0,5433.0,79091.0,29715.0,0.05953868960438208,0.44096128110285565,551331.2899999986,0.0,71235514.0,3968.0,35068.0,30.301685393258417,50.0,7.0
134,134,6651336,393247,2945306,3312783,130954.0,5032.0,70070.0,55852.0,0.05912300927212217,0.44281419552402707,579027.369999999,0.0,75757685.0,3631.0,33960.0,30.301685393258417,50.0,7.0
135,135,6782559,397828,3014471,3370260,131223.0,4581.0,69165.0,57477.0,0.058654557962562505,0.4444444935901037,667526.5000000013,0.0,74966685.0,3611.0,32898.0,30.301685393258417,49.0,7.0
136,136,6916296,401598,3086675,3428023,133737.0,3770.0,72204.0,57763.0,0.0580654731954792,0.44629018191239933,672333.1599999991,0.0,76559432.0,3478.0,31808.0,30.301685393258417,46.0,7.0
137,137,7028659,404335,3141784,3482540,112363.0,2737.0,55109.0,54517.0,0.05752662065409632,0.4469962193357225,555814.4700000008,0.0,83075070.0,3463.0,31272.0,30.301685393258417,47.0,8.0
138,138,7131156,408037,3293395,3429724,102497.0,3702.0,151611.0,-52816.0,0.05721891373572532,0.4618318544707197,568265.750000001,0.0,79781820.0,3382.0,30820.0,30.301685393258417,51.0,8.0
139,139,7256216,412811,3375665,3467740,125060.0,4774.0,82270.0,38016.0,0.05689067139125958,0.46521010399910917,571952.2700000001,0.0,81476472.0,3082.0,30007.0,30.301685393258417,50.0,7.0
140,140,7391321,417851,3454836,3518634,135105.0,5040.0,79171.0,50894.0,0.05653265498819494,0.4674179351701814,586745.0399999986,0.0,83190363.0,3098.0,28935.0,30.301685393258417,50.0,8.0
141,141,7529341,422491,3540715,3566135,138020.0,4640.0,85879.0,47501.0,0.05611261330838914,0.4702556306056533,623048.2700000012,0.0,87090302.0,2950.0,26039.0,30.301685393258417,49.0,8.0
142,142,7658106,426700,3620435,3610971,128765.0,4209.0,79720.0,44836.0,0.05571873776623097,0.47275853846891125,733136.41,0.0,86496035.0,2906.0,26862.0,30.301685393258417,50.0,8.0
143,143,7793395,430814,3706327,3656254,135289.0,4114.0,85892.0,45283.0,0.05527937439331639,0.4755728408479232,732104.3999999984,0.0,89578205.0,2835.0,26259.0,30.301685393258417,47.0,8.0
144,144,7925679,434211,3777146,3714322,132284.0,3397.0,70819.0,58068.0,0.05478533763479444,0.476570650918363,607652.6699999998,0.0,95432293.0,2827.0,26038.0,30.301685393258417,46.0,8.0
145,145,8045337,437626,3857421,3750290,119658.0,3415.0,80275.0,35968.0,0.05439498681037227,0.4794604626257421,608228.3899999982,0.0,93134887.0,2781.0,25758.0,30.301685393258417,53.0,8.0
146,146,8187421,444336,3955284,3787801,142084.0,6710.0,97863.0,37511.0,0.05427056945038004,0.483092783429605,612350.1700000016,0.0,94478711.0,2655.0,25249.0,30.301685393258417,52.0,10.0
147,147,8331167,449483,4074115,3807569,143746.0,5147.0,118831.0,19768.0,0.05395198535811369,0.4890209258798917,623696.02,0.0,94433261.0,2514.0,24382.0,30.301685393258417,53.0,8.0
148,148,8472229,454394,4155278,3862557,141062.0,4911.0,81163.0,54988.0,0.053633347257256624,0.49045865025603064,656782.2799999994,0.0,101837869.0,2454.0,23803.0,30.301685393258417,51.0,8.0
149,149,8652145,460459,4250268,3941418,179916.0,6065.0,94990.0,78861.0,0.05321905723956314,0.4912386466015075,767136.5700000019,0.0,99856781.0,2352.0,23153.0,30.301685393258417,54.0,7.0
150,150,8809593,464571,4366122,3978900,157448.0,4112.0,115854.0,37482.0,0.052734672305519675,0.4956099561012637,761454.5199999993,0.0,102413660.0,2349.0,22674.0,30.301685393258417,51.0,8.0
151,151,8937295,468582,4434808,4033905,127702.0,4011.0,68686.0,55005.0,0.05242995783399787,0.49621367539059635,601701.4699999996,0.0,108467367.0,2297.0,22373.0,30.301685393258417,48.0,8.0
152,152,9076654,472145,4526441,4078068,139359.0,3563.0,91633.0,44163.0,0.052017516587059505,0.49869048660442494,637101.2000000025,0.0,106507220.0,2280.0,22001.0,30.301685393258417,58.0,8.0
153,153,9243465,477362,4630496,4135607,166811.0,5217.0,104055.0,57539.0,0.051643187917085207,0.5009480752077279,647349.300000001,0.0,106351104.0,2201.0,21493.0,30.301685393258417,55.0,10.0
154,154,9416057,482548,4746247,4187262,172592.0,5186.0,115751.0,51655.0,0.05124735332422053,0.504058864554452,666596.3300000012,0.0,198946231.0,2148.0,20927.0,30.301685393258417,57.0,9.0
155,155,9594440,487233,4839131,4268076,178383.0,4685.0,92884.0,80814.0,0.05078284923351441,0.5043682591167384,705724.4900000026,0.0,115000451.0,2095.0,20379.0,30.301685393258417,60.0,9.0
156,156,9786036,491978,4945111,4348947,191596.0,4745.0,105980.0,80871.0,0.050273471301352256,0.5053231972578069,812396.3599999994,0.0,113107161.0,2029.0,19707.0,30.301685393258417,62.0,8.0
157,157,9964168,496440,5051397,4416331,178132.0,4462.0,106286.0,67384.0,0.04982252406824132,0.5069562255473814,806021.6799999997,0.0,115356587.0,1970.0,19190.0,30.301685393258417,56.0,8.0
158,158,10128040,499607,5140600,4487833,163872.0,3167.0,89203.0,71502.0,0.04932909032744737,0.5075611865671936,668335.3399999988,0.0,123818727.0,1986.0,19134.0,30.301685393258417,57.0,8.0
159,159,10283386,503283,5235171,4544932,155346.0,3676.0,94571.0,57099.0,0.048941370089579446,0.5090901965558815,663306.1000000032,0.0,120980600.0,1745.0,19182.0,30.301685393258417,63.0,9.0
160,160,10457929,508172,5352511,4597246,174543.0,4889.0,117340.0,52314.0,0.04859203002812507,0.5118136678877816,669320.4099999971,0.0,121410430.0,1935.0,18581.0,30.3826815642458,62.0,10.0
161,161,10675536,513118,5468425,4693993,217607.0,4946.0,115914.0,96747.0,0.048064846580068675,0.5122389170904393,702005.269999998,0.0,123683294.0,1901.0,18270.0,30.301685393258417,61.0,9.0
162,162,10885480,518196,5753359,4613925,209944.0,5078.0,284934.0,-80068.0,0.04760433164178337,0.5285351679484965,772321.1699999984,0.0,127647508.0,1859.0,17530.0,30.301685393258417,61.0,10.0
163,163,11086864,523120,5863247,4700497,201384.0,4924.0,109888.0,86572.0,0.04718376630217526,0.5288462995487272,836087.5800000018,0.0,128840214.0,1799.0,17144.0,30.301685393258417,57.0,12.0
164,164,11280674,527515,6059007,4694152,193810.0,4395.0,195760.0,-6345.0,0.046762720028962805,0.5371139171294198,730075.2800000005,0.0,111037664.0,1761.0,16791.0,30.301685393258417,52.0,10.0
165,165,11464678,531003,6178370,4755305,184004.0,3488.0,119363.0,61153.0,0.04631643383268157,0.5389047995940226,722885.4599999998,0.0,135003588.0,1734.0,16858.0,30.301685393258417,53.0,10.0
166,166,11628652,534848,6302069,4791735,163974.0,3845.0,123699.0,36430.0,0.04599398107364465,0.5419432106146095,715238.4399999989,0.0,136169413.0,1728.0,16747.0,30.301685393258417,61.0,10.0
167,167,11840014,540816,6447102,4852096,211362.0,5968.0,145033.0,60361.0,0.04567697301709272,0.5445181061441312,692666.5199999987,0.0,135489613.0,1688.0,16246.0,30.301685393258417,64.0,10.0
168,168,12054174,546107,6605158,4902909,214160.0,5291.0,158056.0,50813.0,0.045304389998020604,0.54795608558496,698302.2700000006,0.0,138578619.0,1424.0,15759.0,30.301685393258417,62.0,10.0
169,169,12281001,551506,6739776,4989719,226827.0,5399.0,134618.0,86810.0,0.04490725145287424,0.5487969588146764,729890.5200000007,0.0,144792550.0,1631.0,15427.0,30.301685393258417,60.0,10.0
170,170,12513675,556794,6879222,5077659,232674.0,5288.0,139446.0,87940.0,0.044494842642149486,0.5497363484348123,835481.4599999994,0.0,143901476.0,1601.0,15065.0,30.301685393258417,59.0,10.0
171,171,12730142,561611,7004914,5163617,216467.0,4817.0,125692.0,85958.0,0.04411663279168449,0.5502620473518677,833612.5499999977,0.0,145229741.0,1555.0,14891.0,30.301685393258417,56.0,9.0
172,172,12922431,565598,7116750,5240083,192289.0,3987.0,111836.0,76466.0,0.04376869955815589,0.550728419443679,699435.0899999999,0.0,157277247.0,1555.0,14911.0,30.301685393258417,59.0,14.0
173,173,13113873,569508,7257073,5287292,191442.0,3910.0,140323.0,47209.0,0.043427902649354616,0.5533889949978927,699153.0899999978,0.0,151579986.0,1545.0,14943.0,30.301685393258417,66.0,19.0
174,174,13336060,575106,7399325,5361629,222187.0,5598.0,142252.0,74337.0,0.043124131115186946,0.554835911056189,702145.8799999991,0.0,150375944.0,1512.0,14709.0,30.301685393258417,68.0,15.0
175,175,13567529,580550,7559131,5427848,231469.0,5444.0,159806.0,66219.0,0.042789663467828226,0.5571486893449795,716541.519999999,0.0,156022436.0,10761.0,48568.0,30.301685393258417,65.0,17.0
176,176,13818840,586321,7711616,5520903,251311.0,5771.0,152485.0,93055.0,0.0424291040347815,0.5580508928390516,743285.139999999,0.0,161617539.0,11299.0,52630.0,30.301685393258417,64.0,16.0
177,177,14061583,592989,7895037,5573557,242743.0,6668.0,183421.0,52654.0,0.04217085658136783,0.5614614656116598,851782.0599999998,0.0,160138251.0,11887.0,54050.0,30.301685393258417,67.0,14.0
178,178,14297763,598598,8045824,5653341,236180.0,5609.0,150787.0,79784.0,0.041866549333626525,0.5627330653053908,862936.4199999989,0.0,161366214.0,12437.0,54355.0,30.301685393258417,57.0,12.0
179,179,14511195,602664,8133882,5774649,213432.0,4066.0,88058.0,121308.0,0.04153096970993774,0.5605246156501928,714220.0599999995,0.0,174120627.0,11790.0,52163.0,30.301685393258417,58.0,12.0
180,180,14718312,606875,8293010,5818427,207117.0,4211.0,159128.0,43778.0,0.04123264950491605,0.5634484443596521,709133.0000000012,0.0,168879842.0,12766.0,55137.0,30.301685393258417,63.0,19.0
181,181,14951984,613047,8467706,5871231,233672.0,6172.0,174696.0,52804.0,0.041001047085122616,0.566326582478954,706355.5000000005,0.0,173249612.0,12932.0,55991.0,30.301685393258417,62.0,16.0
182,182,15231859,619992,8647438,5964429,279875.0,6945.0,179732.0,93198.0,0.04070363308904054,0.5677204601224315,726476.7199999995,0.0,173648469.0,13887.0,59911.0,30.301685393258417,61.0,13.0
183,183,15514715,629896,8823668,6061151,282856.0,9904.0,176230.0,96722.0,0.04059990789389299,0.5687289776189894,758365.1800000004,0.0,181875923.0,14982.0,60120.0,30.301685393258417,59.0,12.0
184,184,15795788,635919,9051968,6107901,281073.0,6023.0,228300.0,46750.0,0.04025877024938547,0.5730621352983466,865696.8400000011,0.0,178289966.0,14965.0,59508.0,30.301685393258417,59.0,11.0
185,185,16049843,641471,9271780,6136592,254055.0,5552.0,219812.0,28691.0,0.03996743145711768,0.5776866477759315,870174.7299999996,0.0,181538963.0,15592.0,64097.0,30.301685393258417,54.0,10.0
186,186,16262971,645187,9415081,6202703,213128.0,3716.0,143301.0,66111.0,0.03967214846536958,0.5789274911699713,731283.5699999991,0.0,188622285.0,13657.0,55808.0,30.301685393258417,54.0,10.0
187,187,16489407,650364,9586464,6252579,226436.0,5177.0,171383.0,49876.0,0.03944132132829276,0.5813710584013119,721690.3800000009,0.0,185633940.0,15484.0,59530.0,30.301685393258417,64.0,12.0
188,188,16742194,656640,9756922,6328632,252787.0,6276.0,170458.0,76053.0,0.039220666060852,0.5827743962350455,715178.6299999987,0.0,184973110.0,15828.0,60512.0,30.301685393258417,66.0,12.0
189,189,17033923,663260,9959508,6411155,291729.0,6620.0,202586.0,82523.0,0.03893759529146633,0.584686686678107,725485.7800000029,0.0,192933363.0,15283.0,57947.0,30.301685393258417,64.0,11.0
190,190,17314021,669305,10173027,6471689,280098.0,6045.0,213519.0,60534.0,0.03865682038851634,0.5875600474320783,749613.3200000019,0.0,198830953.0,15956.0,59089.0,30.301685393258417,64.0,11.0
191,191,17604767,675471,10372633,6556663,290746.0,6166.0,199606.0,84974.0,0.03836864185706065,0.5891945630407945,841856.9000000011,0.0,192812820.0,15912.0,58363.0,30.3826815642458,64.0,12.0
192,192,17853103,680927,10553544,6618632,248336.0,5456.0,180911.0,61969.0,0.03814054061078346,0.5911321970191961,857137.6500000007,0.0,200473174.0,15689.0,62526.0,30.301685393258417,57.0,11.0
193,193,18084098,685246,10692268,6706584,230995.0,4319.0,138724.0,87952.0,0.03789218572029415,0.591252491553629,710675.5500000005,0.0,217405391.0,15395.0,62602.0,30.301685393258417,57.0,11.0
194,194,18290573,689930,10914713,6685930,206475.0,4684.0,222445.0,-20654.0,0.0377205241191733,0.5967398068939667,725185.240000001,0.0,206818285.0,15707.0,58023.0,30.301685393258417,62.0,11.0
195,195,18548515,696518,11138370,6713627,257942.0,6588.0,223657.0,27697.0,0.03755114627774784,0.6004992852527548,719190.0199999975,0.0,207174914.0,15581.0,57576.0,30.301685393258417,60.0,11.0
196,196,18825089,703528,11360065,6761496,276574.0,7010.0,221695.0,47869.0,0.03737182862721127,0.6034534551204512,745789.3200000006,0.0,207065327.0,15519.0,57088.0,30.301685393258417,62.0,10.0
197,197,19110292,710013,11548872,6851407,285203.0,6485.0,188807.0,89911.0,0.0371534354367793,0.6043273436114948,773879.6199999993,0.0,377577937.0,15343.0,56134.0,30.301685393258417,56.0,10.0
198,198,19392529,716296,11740918,6935315,282237.0,6283.0,192046.0,83908.0,0.036936698663696726,0.6054351136976514,877976.0799999987,0.0,216699079.0,15116.0,55281.0,30.301685393258417,54.0,10.0
199,199,19651049,721707,11941162,6988180,258520.0,5411.0,200244.0,52865.0,0.03672613100705209,0.607660283173687,888139.4299999976,0.0,224759396.0,14807.0,53792.0,30.301685393258417,50.0,11.0
200,200,19875729,726316,12119940,7029473,224680.0,4609.0,178778.0,41293.0,0.03654286089330359,0.6097859353988978,750622.6399999993,0.0,232564735.0,14614.0,53682.0,30.301685393258417,51.0,12.0
201,201,20101761,731621,12284151,7085989,226032.0,5305.0,164211.0,56516.0,0.03639586601392784,0.6110982515412455,741366.7800000006,0.0,224801456.0,14644.0,54335.0,30.301685393258417,55.0,13.0
202,202,20359325,737820,12589219,7032286,257564.0,6199.0,305068.0,-53703.0,0.03623990481020368,0.6183514924979094,742888.8899999965,0.0,230455132.0,14558.0,53842.0,30.301685393258417,57.0,31.0
203,203,20635978,744392,12829864,7061722,276653.0,6572.0,240645.0,29436.0,0.03607253312636794,0.6217230896446972,752355.1100000015,0.0,232460057.0,14367.0,53878.0,30.301685393258417,56.0,21.0
204,204,20925194,750601,12993780,7180813,289216.0,6209.0,163916.0,119091.0,0.035870682967144775,0.6209634185470395,780753.7199999995,0.0,236711494.0,14073.0,53151.0,30.301685393258417,56.0,15.0
205,205,21228942,760743,13277022,7191177,303748.0,10142.0,283242.0,10364.0,0.03583518198881508,0.6254208052384335,885471.5500000014,0.0,237540001.0,13990.0,51917.0,30.301685393258417,55.0,12.0
206,206,21476647,766103,13445626,7264918,247705.0,5360.0,168604.0,73741.0,0.035671443498605716,0.6260579689185188,878749.299999999,0.0,244645103.0,13274.0,50692.0,30.301685393258417,48.0,12.0
207,207,21691120,770359,13678580,7242181,214473.0,4256.0,232954.0,-22737.0,0.03551494805247493,0.6306073637506961,737696.6699999992,0.0,255074634.0,13477.0,50871.0,30.301685393258417,51.0,11.0
208,208,21898851,774538,13889592,7234721,207731.0,4179.0,211012.0,-7460.0,0.035368887618807035,0.6342612221983701,732257.2899999976,0.0,246093160.0,13604.0,51175.0,30.301685393258417,55.0,12.0
209,209,22157107,781392,14117187,7258528,258256.0,6854.0,227595.0,23807.0,0.035265975833397384,0.6371403541085034,728278.6399999994,0.0,251229442.0,13591.0,51006.0,30.301685393258417,54.0,11.0
210,210,22436697,788080,14335184,7313433,279590.0,6688.0,217997.0,54905.0,0.035124599668124055,0.6389168601777704,733129.0900000012,0.0,252747554.0,13213.0,50127.0,30.301685393258417,52.0,11.0
211,211,22709054,794142,14542974,7371938,272357.0,6062.0,207790.0,58505.0,0.03497028101654961,0.6404042193919659,762942.6800000007,0.0,259239956.0,13431.0,53906.0,30.301685393258417,51.0,10.0
212,212,22970177,799572,14711468,7459137,261123.0,5430.0,168494.0,87199.0,0.03480913534101196,0.6404594966769303,865537.0699999995,0.0,213177164.0,13207.0,52639.0,30.301685393258417,49.0,10.0
213,213,23234450,805136,14921385,7507929,264273.0,5564.0,209917.0,48792.0,0.034652681686030876,0.6422095207762611,853708.2700000007,0.0,261375711.0,12459.0,46979.0,30.301685393258417,46.0,9.0
214,214,23440631,809041,15137916,7493674,206181.0,3905.0,216531.0,-14255.0,0.03451447190137501,0.6457981442564409,702869.3299999996,0.0,279672631.0,12418.0,46780.0,30.301685393258417,46.0,10.0
215,215,23666031,813548,15337337,7515146,225400.0,4507.0,199421.0,21472.0,0.034376190921071643,0.6480738996750237,689319.0599999991,0.0,267789889.0,13058.0,52550.0,30.301685393258417,51.0,10.0
216,216,23909840,819825,15568886,7521129,243809.0,6277.0,231549.0,5983.0,0.034288184278941224,0.6511497358409759,690814.7900000006,0.0,273388535.0,12964.0,52220.0,30.301685393258417,52.0,9.0
217,217,24193826,826069,15794620,7573137,283986.0,6244.0,225734.0,52008.0,0.03414379354468367,0.6528368022486398,697213.6099999998,0.0,273888900.0,12741.0,51522.0,30.301685393258417,50.0,9.0
218,218,24477571,831948,16001857,7643766,283745.0,5879.0,207237.0,70629.0,0.033988176359492535,0.653735495241746,710668.9099999979,0.0,284100289.0,12282.0,51462.0,30.301685393258417,50.0,9.0
219,219,24761333,837458,16200975,7722900,283762.0,5510.0,199118.0,79134.0,0.03382120017528943,0.6542852519288844,821057.7899999995,0.0,274553015.0,12298.0,50317.0,30.301685393258417,50.0,9.0
220,220,25025090,842780,16412388,7769922,263757.0,5322.0,211413.0,47022.0,0.033677401359995106,0.655837321663978,801427.2500000008,0.0,276024820.0,11400.0,43399.0,30.301685393258417,44.0,8.0
221,221,25246074,846836,16622628,7776610,220984.0,4056.0,210240.0,6688.0,0.033543274887018075,0.6584242761864676,661976.7600000006,0.0,303990262.0,11300.0,43590.0,30.301685393258417,46.0,8.0
222,222,25509090,851013,16823418,7834659,263016.0,4177.0,200790.0,58049.0,0.03336116654886552,0.6595067875804272,660921.120000002,0.0,299359101.0,12134.0,51023.0,30.3826815642458,52.0,9.0
223,223,25773880,857428,17081380,7835072,264790.0,6415.0,257962.0,413.0,0.03326732335216894,0.662739952230708,670791.5899999983,0.0,296931106.0,12130.0,50622.0,30.3826815642458,48.0,9.0
224,224,26057375,863519,17300617,7893239,283495.0,6091.0,219237.0,58167.0,0.033139140070709346,0.6639432022603965,678656.6099999998,0.0,299169937.0,12072.0,50511.0,30.3826815642458,50.0,10.0
225,225,26338776,869198,17521986,7947592,281401.0,5679.0,221369.0,54353.0,0.03300069828605551,0.6652543762853672,738035.9800000016,0.0,311913261.0,11987.0,50370.0,30.3826815642458,49.0,12.0
226,226,26652859,875059,17735487,8042313,314083.0,5861.0,213501.0,94721.0,0.03283171235025856,0.6654253114084309,908655.6399999986,0.0,289360934.0,12014.0,50347.0,30.3826815642458,46.0,10.0
227,227,26922763,880019,17936475,8106269,269904.0,4960.0,200988.0,63956.0,0.032686801128101156,0.666219696693092,883755.0999999997,0.0,308782157.0,10900.0,41855.0,30.3826815642458,42.0,9.0
228,228,27153370,883839,18148266,8121265,230607.0,3820.0,211791.0,14996.0,0.03254988239028894,0.6683614593695,739923.1400000005,0.0,325810283.0,10832.0,41599.0,30.3826815642458,45.0,9.0
229,229,27371193,893214,18345814,8132165,217823.0,9375.0,197548.0,10900.0,0.03263336019003629,0.6702599335001583,731844.8800000008,0.0,318849509.0,11912.0,50221.0,30.3826815642458,50.0,10.0
230,230,27613468,898130,18547611,8167727,242275.0,4916.0,201797.0,35562.0,0.03252507073722142,0.6716871274553418,667468.2400000006,0.0,316861027.0,11971.0,50794.0,30.3826815642458,52.0,11.0
231,231,27898144,904225,18787878,8206041,284676.0,6095.0,240267.0,38314.0,0.03241165433800901,0.6734454449729702,661822.1899999998,0.0,324816447.0,11913.0,51249.0,30.3826815642458,54.0,13.0
232,232,28198120,910014,19004539,8283567,299976.0,5789.0,216661.0,77526.0,0.03227215147676512,0.6739647536786141,685730.8999999996,0.0,330157226.0,11785.0,50628.0,30.3826815642458,52.0,10.0
233,233,28519436,915863,19228209,8375364,321316.0,5849.0,223670.0,91797.0,0.03211364348158919,0.6742142095657151,809983.5199999975,0.0,323781452.0,11866.0,50275.0,30.3826815642458,51.0,9.0
234,234,28806078,920765,19451143,8434170,286642.0,4902.0,222934.0,58806.0,0.03196426115349684,0.67524440501758,816787.19,0.0,332971381.0,10441.0,40925.0,30.3826815642458,45.0,9.0
235,235,29048743,924471,19638991,8485281,242665.0,3706.0,187848.0,51111.0,0.03182481940784839,0.6760702519899053,645353.220000001,0.0,356564105.0,10435.0,41200.0,30.3826815642458,46.0,8.0
236,236,29312493,928918,19867490,8516085,263750.0,4447.0,228499.0,30804.0,0.031690173879103355,0.6777823366985537,652069.2099999988,0.0,344813149.0,11690.0,51438.0,30.3826815642458,54.0,10.0
237,237,29598004,935346,20093777,8568881,285511.0,6428.0,226287.0,52796.0,0.03160165800369511,0.6788895967444292,655835.5299999983,0.0,347728604.0,11768.0,52792.0,30.3826815642458,51.0,10.0
238,238,29902445,941114,20323254,8638077,304441.0,5768.0,229477.0,69196.0,0.03147281100257855,0.6796519147514526,667026.6500000008,0.0,350685655.0,11787.0,52702.0,30.3826815642458,52.0,11.0
239,239,30217419,946587,20543465,8727367,314974.0,5473.0,220211.0,89290.0,0.031325872007797885,0.6798550531400448,705099.1800000004,0.0,350921895.0,11809.0,52895.0,30.3826815642458,49.0,11.0
240,240,30543299,952267,20794614,8796418,325880.0,5680.0,251149.0,69051.0,0.031177607893633233,0.6808240982743875,831408.1000000011,0.0,349458444.0,11817.0,52942.0,30.3826815642458,51.0,10.0
241,241,30835413,957536,21031599,8846278,292114.0,5269.0,236985.0,49860.0,0.03105312713016038,0.6820599094943207,849495.5900000004,0.0,361257565.0,10400.0,42256.0,30.3826815642458,44.0,8.0
242,242,31087516,961278,21268676,8857562,252103.0,3742.0,237077.0,11284.0,0.030921672867011953,0.6841548871257517,680184.0799999988,0.0,377732514.0,10485.0,42480.0,30.3826815642458,44.0,8.0
243,243,31363669,965381,21514154,8884134,276153.0,4103.0,245478.0,26572.0,0.03078023173883132,0.6859578195395443,647042.3300000015,0.0,372413139.0,12048.0,55336.0,30.3826815642458,51.0,9.0
244,244,31648171,971350,21733547,8943274,284502.0,5969.0,219393.0,59140.0,0.030692136995847247,0.6867236340450764,631844.830000001,0.0,373186101.0,12260.0,53919.0,30.3826815642458,53.0,10.0
245,245,31924026,976959,21996960,8950107,275855.0,5609.0,263413.0,6833.0,0.030602625120027153,0.6890409123210212,635357.9000000018,0.0,374484944.0,12387.0,56463.0,30.3826815642458,54.0,10.0
246,246,32277088,983623,22252630,9040835,353062.0,6664.0,255670.0,90728.0,0.030474341427578596,0.6894249567990768,661832.4700000016,0.0,385562722.0,12502.0,57138.0,30.3826815642458,56.0,10.0
247,247,32607950,989510,22491838,9126602,330862.0,5887.0,239208.0,85767.0,0.030345667237590832,0.6897654713037772,792711.4299999971,0.0,373636901.0,12636.0,57537.0,30.3826815642458,49.0,9.0
248,248,32896297,994863,22753981,9147453,288347.0,5353.0,262143.0,20851.0,0.030242400839219075,0.6916882164579192,803729.7999999992,0.0,381086472.0,11254.0,46413.0,30.3826815642458,45.0,8.0
249,249,33148031,998551,22967860,9181620,251734.0,3688.0,213879.0,34167.0,0.03012399137674271,0.6928876107301818,628440.2500000002,0.0,406840768.0,11616.0,47284.0,30.3826815642458,44.0,8.0
250,250,33402831,1002526,23190402,9209903,254800.0,3975.0,222542.0,28283.0,0.03001320456939713,0.694264566976374,607391.3400000005,0.0,397660620.0,13173.0,60358.0,30.3826815642458,52.0,9.0
251,251,33685471,1008455,23431686,9245330,282640.0,5929.0,241284.0,35427.0,0.02993738754610259,0.6956021484752284,600588.6099999999,0.0,400850135.0,13408.0,61376.0,30.3826815642458,52.0,10.0
252,252,34011678,1014897,23679904,9316877,326207.0,6442.0,248218.0,71547.0,0.02983966271819932,0.6962286306485672,614597.1000000002,0.0,406357177.0,13533.0,61886.0,30.3826815642458,47.0,10.0
253,253,34329982,1023605,23901446,9404931,318304.0,8708.0,221542.0,88054.0,0.02981664831633177,0.6962265811849246,653099.1700000024,0.0,413534111.0,13571.0,61757.0,30.3826815642458,48.0,9.0
254,254,34627650,1028536,24073731,9525383,297668.0,4931.0,172285.0,120452.0,0.02970273755221622,0.6952170014424889,769562.6499999994,0.0,356309427.0,13662.0,62133.0,30.3826815642458,73.0,9.0
255,255,34959848,1033897,24329332,9596619,332198.0,5361.0,255601.0,71236.0,0.029573841396564424,0.695922133299893,786177.9599999984,0.0,396907699.0,12223.0,51941.0,30.3826815642458,57.0,7.0
256,256,35221297,1037738,24551491,9632068,261449.0,3841.0,222159.0,35449.0,0.02946336700775102,0.6970637963729729,607327.6800000003,0.0,431514440.0,12493.0,53572.0,30.3826815642458,52.0,7.0
257,257,35522337,1044685,24788959,9688693,301040.0,6947.0,237468.0,56625.0,0.02940924185252789,0.69784144551075,599255.7499999994,0.0,414452659.0,14516.0,67103.0,30.3826815642458,59.0,9.0
258,258,35848800,1050464,25021585,9776751,326463.0,5779.0,232626.0,88058.0,0.029302626587221887,0.6979755249827051,603012.4599999988,0.0,424240956.0,14781.0,69463.0,30.3826815642458,57.0,9.0
259,259,36199816,1056293,25276776,9866747,351016.0,5829.0,255191.0,89996.0,0.02917951295664044,0.6982570298147371,613389.2000000012,0.0,432313257.0,15015.0,71101.0,30.3826815642458,54.0,9.0
260,260,36561143,1062575,25496282,10002286,361327.0,6282.0,219506.0,135539.0,0.02906295899994155,0.6973600907389574,656791.7599999994,0.0,444089435.0,15151.0,72672.0,30.3826815642458,56.0,9.0
261,261,36922017,1068724,25703072,10150221,360874.0,6149.0,206790.0,147935.0,0.028945439248348755,0.6961448503747777,778729.8799999977,0.0,430276672.0,15369.0,74134.0,30.3826815642458,53.0,9.0
262,262,37279040,1073602,25898477,10306961,357023.0,4878.0,195405.0,156740.0,0.02879907851704336,0.6947195260392971,786351.4200000003,0.0,433751796.0,13909.0,64624.0,30.3826815642458,48.0,8.0
263,263,37566032,1077632,26121117,10367283,286992.0,4030.0,222640.0,60322.0,0.028686340894348385,0.6953387304786409,613778.9400000003,0.0,472467195.0,14080.0,66567.0,30.3826815642458,48.0,8.0
264,264,37857690,1081616,26321236,10454838,291658.0,3984.0,200119.0,87555.0,0.028570575753565523,0.695267883486816,602761.5799999991,0.0,458019654.0,16135.0,80324.0,30.329444444444434,58.0,9.0
265,265,38177075,1086900,26513681,10576494,319385.0,5284.0,192445.0,121656.0,0.028469965286759134,0.6944922050733326,593044.99,0.0,457739478.0,16867.0,84287.0,30.329444444444434,57.0,10.0
266,266,38559421,1092966,26725966,10740489,382346.0,6066.0,212285.0,163995.0,0.028344979557654665,0.6931111854610058,609586.3699999992,0.0,465370166.0,17004.0,87167.0,30.329444444444434,58.0,9.0
267,267,38966377,1099091,26933293,10933993,406956.0,6125.0,207327.0,193504.0,0.028206137819792688,0.6911931535231002,644851.910000002,0.0,477277535.0,17526.0,89793.0,30.329444444444434,59.0,9.0
268,268,39378171,1105271,27136307,11136593,411794.0,6180.0,203014.0,202600.0,0.028068114184378955,0.6891205536183994,756011.7699999993,0.0,458182169.0,17932.0,92562.0,30.329444444444434,59.0,9.0
269,269,39750803,1110875,27334590,11305338,372632.0,5604.0,198283.0,168745.0,0.027945976336628972,0.6876487501397142,772673.440000002,0.0,464954220.0,16389.0,82340.0,30.329444444444434,50.0,8.0
270,270,40067377,1114414,27536101,11416862,316574.0,3539.0,201511.0,111524.0,0.02781350024485007,0.6872449124882819,593278.7799999999,0.0,499799660.0,16830.0,85540.0,30.329444444444434,49.0,9.0
271,271,40454450,1119249,27738632,11596569,387073.0,4835.0,202531.0,179707.0,0.027666894494919596,0.6856756673246083,571900.5700000004,0.0,489413616.0,19500.0,103634.0,30.329444444444434,59.0,9.0
272,272,40843607,1125804,27950079,11767724,389157.0,6555.0,211447.0,171155.0,0.027563775158251817,0.6843195558120025,572755.3499999989,0.0,489868367.0,20068.0,108619.0,30.329444444444434,57.0,9.0
273,273,41288471,1132463,28161301,11994707,444864.0,6659.0,211222.0,226983.0,0.027428068237256836,0.6820620942829295,587038.9899999985,0.0,492421591.0,20680.0,113051.0,30.329444444444434,58.0,9.0
274,274,41761232,1138373,28388094,12234765,472761.0,5910.0,226793.0,240058.0,0.027259085651496106,0.6797714684279429,621294.0700000019,0.0,510146240.0,21276.0,117587.0,30.329444444444434,65.0,9.0
275,275,42257962,1145337,28594828,12517797,496730.0,6964.0,206734.0,283032.0,0.02710346040824212,0.6766731438681307,733767.0199999982,0.0,494876031.0,21808.0,122649.0,30.329444444444434,64.0,10.0
276,276,42714811,1151154,28806409,12757248,456849.0,5817.0,211581.0,239451.0,0.026949762226502652,0.6743892417082216,726538.6699999992,0.0,491008824.0,20192.0,111375.0,30.329444444444434,54.0,8.0
277,277,43075270,1155362,29003667,12916241,360459.0,4208.0,197258.0,158993.0,0.026821932863102194,0.6733252513565208,547454.08,0.0,531358652.0,20816.0,116157.0,30.329444444444434,54.0,7.0
278,278,43561867,1160879,29242802,13158186,486597.0,5517.0,239135.0,241945.0,0.02664897259798346,0.6712935880365275,539946.5499999989,0.0,518760280.0,23771.0,138562.0,30.329444444444434,65.0,9.0
279,279,44031885,1168248,29832507,13031130,470018.0,7369.0,589705.0,-127056.0,0.026531864352389183,0.677520551300495,545877.9599999997,0.0,518462430.0,24866.0,145707.0,30.329444444444434,62.0,10.0
280,280,44543595,1175411,30098469,13269715,511710.0,7163.0,265962.0,238585.0,0.02638787911034123,0.6757081236932043,548274.9700000009,0.0,527841412.0,25753.0,151773.0,30.329444444444434,68.0,9.0
281,281,45094392,1182494,30345220,13566678,550797.0,7083.0,246751.0,296963.0,0.026222639835126283,0.6729266911947721,579618.7299999979,0.0,540192958.0,26481.0,157245.0,30.329444444444434,75.0,9.0
282,282,45665151,1190100,30600994,13874057,570759.0,7606.0,255774.0,307379.0,0.026061448915388453,0.670117000160582,690586.4899999993,0.0,526165682.0,27338.0,163818.0,30.329444444444434,76.0,8.0
283,283,46141800,1196676,30845323,14099801,476649.0,6576.0,244329.0,225744.0,0.025934748969481034,0.6684898075064258,674332.2699999999,0.0,536633192.0,25317.0,148881.0,30.329444444444434,63.0,7.0
284,284,46604641,1201684,31103270,14299687,462841.0,5008.0,257947.0,199886.0,0.02578464234924586,0.6673856794648413,490991.3000000015,0.0,572179728.0,25972.0,153297.0,30.248603351955296,60.0,8.0
285,285,47167567,1207789,31383407,14576371,562926.0,6105.0,280137.0,276684.0,0.025606345139659207,0.6653598859572298,522068.8900000011,0.0,546231223.0,29834.0,180115.0,30.248603351955296,67.0,8.0
286,286,47721121,1217134,31634980,14869007,553554.0,9345.0,251573.0,292636.0,0.02550514268095253,0.6629135975242493,526929.9100000003,0.0,555197647.0,31044.0,187596.0,30.248603351955296,60.0,8.0
287,287,48232499,1227392,31914299,15090808,511378.0,10258.0,279319.0,221801.0,0.025447406322446613,0.6616762486223241,497631.78999999916,0.0,562911391.0,31758.0,192795.0,30.248603351955296,53.0,6.0
288,288,48829619,1235399,32217954,15376266,597120.0,8007.0,303655.0,285458.0,0.02530019740682392,0.6598035098328332,531584.4499999993,0.0,573276055.0,32411.0,197301.0,30.248603351955296,57.0,7.0
289,289,49474468,1245053,32506315,15723100,644849.0,9654.0,288361.0,346834.0,0.025165566206795796,0.6570321281676036,634855.7500000001,0.0,554338438.0,33015.0,200970.0,30.248603351955296,57.0,7.0
290,290,50071221,1252649,32805331,16013241,596753.0,7596.0,299016.0,290141.0,0.025017344793728916,0.655173377936999,621967.08,0.0,564961729.0,30654.0,183760.0,30.248603351955296,58.0,7.0
291,291,50555158,1258523,33058571,16238064,483937.0,5874.0,253240.0,224823.0,0.02489405729876267,0.6539109421831893,485178.5300000014,0.0,606947089.0,31593.0,188761.0,30.248603351955296,55.0,7.0
292,292,51056506,1265746,33315624,16475136,501348.0,7223.0,257053.0,237072.0,0.02479108147353444,0.6525245577909307,494236.5899999996,0.0,590045201.0,35516.0,217807.0,30.248603351955296,69.0,34.0
293,293,51615710,1275739,33572984,16766987,559204.0,9993.0,257360.0,291851.0,0.02471609903263948,0.6504411931948626,499264.47000000026,0.0,587277148.0,36156.0,223192.0,30.208888888888882,66.0,25.0
294,294,52264138,1286190,33953208,17024740,648428.0,10451.0,380224.0,257753.0,0.024609417646953253,0.6496463789376953,503639.31000000157,0.0,591438716.0,36790.0,227496.0,30.208888888888882,66.0,18.0
295,295,52914392,1295955,34179447,17438990,650254.0,9765.0,226239.0,414250.0,0.024491540978114235,0.645938575652537,491895.6900000001,0.0,609534643.0,37609.0,232276.0,30.208888888888882,72.0,15.0
296,296,53566465,1305543,34481579,17779343,652073.0,9588.0,302132.0,340353.0,0.02437239418356242,0.6437157837464167,615134.760000001,0.0,595557000.0,38198.0,235261.0,30.208888888888882,71.0,15.0
297,297,54161439,1314624,34759398,18087417,594974.0,9081.0,277819.0,308074.0,0.024272324079129434,0.6417739011697972,593183.8400000017,0.0,600571214.0,35527.0,215134.0,30.208888888888882,68.0,13.0
298,298,54635219,1321046,34990158,18324015,473780.0,6422.0,230760.0,236598.0,0.024179385095903064,0.6404322823342211,452329.48999999906,0.0,646486648.0,36382.0,219606.0,30.208888888888882,64.0,12.0
299,299,55169831,1329000,35380888,18459943,534612.0,7954.0,390730.0,135928.0,0.024089252693197484,0.6413086166604353,483151.44000000035,0.0,622476397.0,40400.0,246896.0,30.208888888888882,76.0,22.0
300,300,55780901,1340069,35814479,18626353,611070.0,11069.0,433591.0,166410.0,0.02402379624524172,0.642056301672144,488500.21000000194,0.0,626554983.0,41023.0,249787.0,30.208888888888882,76.0,18.0
301,301,56408155,1351500,36177589,18879066,627254.0,11431.0,363110.0,252713.0,0.023959301629347743,0.6413538787077862,500662.21000000153,0.0,636255701.0,41296.0,251403.0,30.163535911602203,75.0,18.0
302,302,57061735,1362520,36551888,19147327,653580.0,11020.0,374299.0,268261.0,0.023877998101529862,0.6405674135215131,521777.01000000053,0.0,654473860.0,41610.0,250958.0,30.163535911602203,72.0,17.0
303,303,57730481,1374398,36907312,19448771,668746.0,11878.0,355424.0,301444.0,0.023807146176384707,0.639303732806245,621319.3899999999,0.0,629416798.0,41654.0,251057.0,30.163535911602203,73.0,16.0
304,304,58317890,1383366,37246582,19687942,587409.0,8968.0,339270.0,239171.0,0.023721125712881586,0.6386819207622224,596442.5000000013,0.0,640257475.0,38741.0,231144.0,30.163535911602203,65.0,14.0
305,305,58806019,1390560,37520306,19895153,488129.0,7194.0,273724.0,207211.0,0.023646559036754385,0.6380351303835071,465154.1800000003,0.0,678682770.0,39477.0,233654.0,30.163535911602203,63.0,13.0
306,306,59331182,1399083,37931519,20000580,525163.0,8523.0,411213.0,105427.0,0.0235809055683401,0.6393184447260801,512832.12999999913,0.0,665482381.0,42955.0,257790.0,30.163535911602203,71.0,18.0
307,307,59921603,1411743,38303698,20206162,590421.0,12660.0,372179.0,205582.0,0.023559833671338865,0.6392301954939357,537524.1499999997,0.0,663908849.0,43118.0,255657.0,30.163535911602203,69.0,16.0
308,308,60557653,1423870,38741108,20392675,636050.0,12127.0,437410.0,186513.0,0.02351263514125952,0.6397392580587626,570206.0800000004,0.0,666770823.0,43234.0,254365.0,30.163535911602203,64.0,14.0
309,309,61139959,1434759,39107984,20597216,582306.0,10889.0,366876.0,204541.0,0.023466796894646265,0.6396468797108614,381040.35999999987,0.0,695707496.0,43283.0,250842.0,30.163535911602203,60.0,13.0
310,310,61827450,1446146,39489610,20891694,687491.0,11387.0,381626.0,294478.0,0.023390031450431805,0.638706755656266,560131.0500000004,0.0,660634733.0,43291.0,250635.0,30.163535911602203,57.0,11.0
311,311,62413297,1455426,39849316,21108555,585847.0,9280.0,359706.0,216861.0,0.023319165465653897,0.638474778860024,558743.9999999998,0.0,667485836.0,40416.0,234449.0,30.163535911602203,58.0,13.0
312,312,62901709,1462586,40167599,21271524,488412.0,7160.0,318283.0,162969.0,0.023251927860974332,0.6385772284819797,463377.6899999998,0.0,705616526.0,40807.0,237592.0,30.163535911602203,56.0,13.0
313,313,63410167,1471466,40569855,21368846,508458.0,8880.0,402256.0,97322.0,0.023205521600345256,0.639800475529421,473131.88999999844,0.0,700603665.0,44041.0,258817.0,30.243956043956036,62.0,16.0
314,314,64022798,1484151,41046059,21492588,612631.0,12685.0,476204.0,123742.0,0.023181601653835874,0.6411162942300648,481101.0500000002,0.0,697081379.0,44034.0,258199.0,30.163535911602203,61.0,16.0
315,315,64673997,1496744,41508985,21668268,651199.0,12593.0,462926.0,175680.0,0.023142902393986874,0.6418187668221589,485942.4100000015,0.0,608586413.0,43904.0,256448.0,30.163535911602203,62.0,29.0
316,316,65368134,1509313,41935969,21922852,694137.0,12569.0,426984.0,254584.0,0.02308943070028586,0.6415353542140273,501777.67999999935,0.0,726728330.0,43777.0,253793.0,30.163535911602203,66.0,24.0
317,317,66051795,1521812,42426586,22103397,683661.0,12499.0,490617.0,180545.0,0.02303967666586502,0.642322983046865,580449.4500000008,0.0,706627485.0,43713.0,252778.0,30.163535911602203,63.0,22.0
318,318,66693750,1532092,42862534,22299124,641955.0,10280.0,435948.0,195727.0,0.0229720476056602,0.6426769225002342,557840.5600000008,0.0,707427572.0,41180.0,236749.0,30.163535911602203,59.0,20.0
319,319,67232715,1539524,43178578,22514613,538965.0,7432.0,316044.0,215489.0,0.022898435679713367,0.6422257081243856,428761.9600000005,0.0,756609213.0,41432.0,239012.0,30.163535911602203,58.0,19.0
320,320,67752737,1548246,43591717,22612774,520022.0,8722.0,413139.0,98161.0,0.022851416319904536,0.6433941849463587,475408.40999999986,0.0,737396022.0,41896.0,241900.0,30.163535911602203,65.0,23.0
321,321,68396263,1560532,44032488,22803243,643526.0,12286.0,440771.0,190469.0,0.0228160418647434,0.6437849974347283,481457.5400000004,0.0,732071928.0,42135.0,242718.0,30.163535911602203,65.0,32.0
322,322,69066170,1573246,44458968,23033956,669907.0,12714.0,426480.0,230713.0,0.02277882210639449,0.6437155556765346,500017.5599999998,0.0,746695534.0,44581.0,255122.0,30.163535911602203,67.0,37.0
323,323,70564179,1585939,44950194,24028046,1498009.0,12693.0,491226.0,994090.0,0.022475128634317422,0.6370115069290326,519953.92000000004,0.0,764466892.0,44594.0,254901.0,30.163535911602203,69.0,34.0
324,324,71268458,1598964,45428334,24241160,704279.0,13025.0,478140.0,213114.0,0.022435787792686634,0.6374255213996632,594383.9499999986,0.0,586535180.0,44685.0,254170.0,30.163535911602203,66.0,31.0
325,325,71903530,1609504,46933277,23360749,635072.0,10540.0,1504943.0,-880411.0,0.02238421396001003,0.6527256311338261,566592.5200000005,0.0,748425098.0,42445.0,240854.0,30.163535911602203,61.0,33.0
326,326,72434232,1616961,47328396,23488875,530702.0,7457.0,395119.0,128126.0,0.022323160684577976,0.6533981888563407,434929.66999999934,259395.0,788330826.0,43021.0,243605.0,30.163535911602203,59.0,29.0
327,327,72958747,1626136,41338399,29994212,524515.0,9175.0,-5989997.0,6505337.0,0.02228843102253387,0.5665996292397949,487305.3799999996,86465.0,673194707.0,45758.0,262691.0,30.163535911602203,67.0,38.0
328,328,73596051,1640070,41696563,30259418,637304.0,13934.0,358164.0,265206.0,0.022284755468741115,0.5665597872907611,500759.4299999981,258430.0,747922408.0,45896.0,263830.0,30.163535911602203,65.0,36.0
329,329,74329721,1653784,42058783,30617154,733670.0,13714.0,362220.0,357736.0,0.022249296482627724,0.5658407220444162,493356.62999999983,114965.0,785365647.0,45974.0,263838.0,30.163535911602203,66.0,32.0
330,330,75069012,1667196,42434192,30967624,739291.0,13412.0,375409.0,350470.0,0.022208844309819877,0.5652690886620434,513584.5500000003,114965.0,805755661.0,45837.0,263702.0,30.163535911602203,70.0,33.0
331,331,75789167,1679958,42751920,31357289,720155.0,12762.0,317728.0,389665.0,0.022166202196152916,0.5640901159396566,613523.4700000009,114965.0,787255515.0,45777.0,261682.0,30.163535911602203,73.0,39.0
332,332,76400925,1690725,43103506,31606694,611758.0,10767.0,351586.0,249405.0,0.022129640446107164,0.5641751850517517,582314.4000000001,115148.0,779558858.0,42412.0,247894.0,30.163535911602203,75.0,38.0
333,333,76934325,1698635,43380335,31855355,533400.0,7910.0,276829.0,248661.0,0.022079026494350864,0.5638619042930447,459101.17000000004,3773775.0,832321426.0,44078.0,249906.0,30.163535911602203,76.0,33.0
334,334,77483672,1708299,43723555,32051818,549347.0,9664.0,343220.0,196463.0,0.022047212734058345,0.5642937908260207,544590.120000002,2643034.0,816766871.0,46660.0,266608.0,30.163535911602203,85.0,36.0
335,335,78133703,1722605,44086740,32324358,650031.0,14306.0,363185.0,272540.0,0.02204688801195049,0.5642474157406824,560133.6700000018,2965527.0,810134892.0,46920.0,269133.0,30.163535911602203,77.0,34.0
336,336,78828498,1736405,44410880,32681213,694795.0,13800.0,324140.0,356855.0,0.02202763015984397,0.5633860992759243,572302.600000001,4287392.0,824868192.0,47133.0,266860.0,30.163535911602203,74.0,31.0
337,337,79495656,1748037,44725552,33022067,667158.0,11632.0,314672.0,340854.0,0.021989088309429135,0.5626163019523985,425434.6399999991,3542569.0,828293534.0,46863.0,261453.0,30.163535911602203,59.0,25.0
338,338,79960902,1756610,45017158,33187134,465246.0,8573.0,291606.0,165067.0,0.021968361487467964,0.5629896221030624,304366.5699999998,3670691.0,804936868.0,44806.0,245041.0,30.163535911602203,52.0,20.0
339,339,80473519,1764003,45425322,33284194,512617.0,7393.0,408164.0,97060.0,0.021920291568211403,0.5644754021506131,492479.70000000007,7598508.0,810184078.0,45255.0,248264.0,30.163535911602203,61.0,23.0
340,340,80911706,1771404,45717710,33422592,438187.0,7401.0,292388.0,138398.0,0.021893049690486072,0.5650320857157554,474393.0099999995,8602784.0,884016115.0,45776.0,254651.0,30.163535911602203,64.0,27.0
341,341,81408584,1781157,46016136,33611291,496878.0,9753.0,298426.0,188699.0,0.02187922836245377,0.5652491879726098,534250.0000000014,10660889.0,841112343.0,48563.0,273179.0,30.163535911602203,74.0,31.0
342,342,82072682,1796318,46369231,33907133,664098.0,15161.0,353095.0,295842.0,0.021886917257072213,0.564977649932288,536256.0799999997,9369634.0,854440167.0,48972.0,273708.0,30.163535911602203,74.0,37.0
343,343,82834131,1811576,46757476,34265079,761449.0,15258.0,388245.0,357946.0,0.021869922194270378,0.5644711356964679,551536.2199999999,14552858.0,858824016.0,49023.0,277571.0,30.163535911602203,83.0,48.0
344,344,83558756,1824710,47032627,34701419,724625.0,13134.0,275151.0,436340.0,0.021837448130510702,0.5628689230366235,536633.9500000016,12563920.0,880472391.0,49074.0,275037.0,30.243956043956036,71.0,39.0
345,345,84091383,1834371,47313005,34944007,532627.0,9661.0,280378.0,242588.0,0.02181401868488713,0.5626379696954206,413575.9299999997,12881441.0,847032408.0,46687.0,258894.0,30.163535911602203,68.0,35.0
346,346,84717560,1842795,47614297,35260468,626177.0,8424.0,301292.0,316461.0,0.02175221996478652,0.5620357455998497,535829.6999999997,22957562.0,749329343.0,47118.0,262658.0,30.163535911602203,68.0,33.0
347,347,85251194,1850129,47882779,35518286,533634.0,7334.0,268482.0,257818.0,0.02170208900534578,0.561666960347793,453366.05000000075,20871091.0,920884584.0,47912.0,269136.0,30.163535911602203,71.0,35.0
348,348,85805329,1860279,48173187,35771863,554135.0,10150.0,290408.0,253577.0,0.021680226877284044,0.5614241861365045,483234.2399999996,26341347.0,868546087.0,50581.0,288776.0,30.163535911602203,83.0,45.0
349,349,86545388,1875588,48488548,36181252,740059.0,15309.0,315361.0,409389.0,0.021671726747588212,0.5602672669281926,497045.8299999997,28809615.0,885090680.0,50846.0,290610.0,30.163535911602203,81.0,49.0
350,350,87328415,1890636,48801673,36636106,783027.0,15048.0,313125.0,454854.0,0.021649723059785294,0.5588292539146622,465844.94000000047,31408047.0,889843743.0,48741.0,278170.0,30.163535911602203,73.0,45.0
351,351,88209317,1905550,49125604,37178163,880902.0,14914.0,323931.0,542057.0,0.021602593295218464,0.5569208069029715,478326.0699999988,35927951.0,918869614.0,50985.0,291791.0,30.163535911602203,73.0,44.0
352,352,89010571,1920696,49422867,37667008,801254.0,15146.0,297263.0,488845.0,0.021578290965013583,0.55524716272183,533776.0999999994,40063033.0,883356921.0,51133.0,275254.0,30.163535911602203,79.0,49.0
353,353,89773527,1933485,49753112,38086930,762956.0,12789.0,330245.0,419922.0,0.021537362567920496,0.5542069434344492,522217.40999999945,34122903.0,882937398.0,48556.0,257626.0,30.163535911602203,67.0,43.0
354,354,90362681,1941825,50023662,38397194,589154.0,8340.0,270550.0,310264.0,0.021489236247870955,0.5535876254047841,420384.3900000005,41569490.0,954194443.0,48867.0,260420.0,30.163535911602203,65.0,40.0
355,355,90982280,1952137,50313950,38716193,619599.0,10312.0,290288.0,318999.0,0.021456233015923542,0.553008234130866,453847.2400000008,56882491.0,921325081.0,52035.0,298454.0,30.163535911602203,76.0,54.0
356,356,91688141,1969236,50657507,39061398,705861.0,17099.0,343557.0,345205.0,0.021477543099057927,0.5524979179150333,465709.93999999965,60530810.0,930331636.0,52349.0,299031.0,30.163535911602203,77.0,60.0
357,357,92436196,1985934,51023568,39426694,748055.0,16698.0,366061.0,365296.0,0.02148437609873085,0.5519868861760603,472777.1500000017,56135296.0,919183386.0,52388.0,298477.0,30.163535911602203,79.0,65.0
358,358,93191651,2001282,51396413,39793956,755455.0,15348.0,372845.0,367262.0,0.021474906587930286,0.5515130641906967,486974.3599999984,69354692.0,945324919.0,51154.0,296354.0,30.163535911602203,84.0,72.0
359,359,93958545,2016390,51717035,40225120,766894.0,15108.0,320622.0,431164.0,0.02146042172108987,0.5504239662289364,556235.929999999,75658230.0,932044978.0,53844.0,295582.0,30.163535911602203,79.0,69.0
360,360,94597958,2029656,52034090,40534212,639413.0,13266.0,317055.0,309092.0,0.02145560055323816,0.5500551079548672,540141.0000000013,66988515.0,930783720.0,48954.0,271153.0,30.163535911602203,68.0,63.0
361,361,95126858,2038285,52349805,40738768,528900.0,8629.0,315715.0,204556.0,0.021427019065425244,0.5503157163038014,444493.4200000002,68955670.0,995795999.0,48720.0,271829.0,30.163535911602203,65.0,56.0
362,362,95642222,2047682,52668558,40925982,515364.0,9397.0,318753.0,187214.0,0.021409812080693816,0.5506831282108857,487530.5600000002,73543681.0,974717693.0,52188.0,295825.0,30.163535911602203,74.0,61.0
363,363,96250345,2064260,53071502,41114583,608123.0,16578.0,402944.0,188601.0,0.021446780268683713,0.5513902521596157,465514.0000000005,97123390.0,972852800.0,51936.0,294225.0,30.163535911602203,75.0,66.0
364,364,96942928,2082155,53399273,41461500,692583.0,17895.0,327771.0,346917.0,0.021478152588912933,0.5508320627575846,459428.6800000015,103690167.0,964347812.0,51335.0,291551.0,30.163535911602203,70.0,57.0
365,365,97599840,2098917,53765412,41735511,656912.0,16762.0,366139.0,274011.0,0.021505332385790797,0.5508760260262722,479230.8100000012,110565916.0,1002833747.0,50911.0,289147.0,30.124175824175815,71.0,60.0
366,366,98258825,2114908,54147169,41996748,658985.0,15991.0,381757.0,261237.0,0.021523847857940495,0.5510667260676076,549467.3300000002,119764471.0,974850757.0,50674.0,286969.0,30.124175824175815,71.0,63.0
367,367,98826681,2128188,54463662,42234831,567856.0,13280.0,316493.0,238083.0,0.021534548954446824,0.5511028140265076,538381.5200000007,126048654.0,982383983.0,45951.0,251498.0,30.124175824175815,64.0,56.0
368,368,99272581,2137143,54774619,42360819,445900.0,8955.0,310957.0,125988.0,0.021528028973075656,0.5517597955874644,419551.4499999999,133269596.0,1031392411.0,45772.0,251946.0,30.124175824175815,61.0,50.0
369,369,99769921,2147902,55089060,42532959,497340.0,10759.0,314441.0,172140.0,0.02152855267871767,0.5521610065221962,448620.9399999994,139674997.0,1009158790.0,49957.0,284951.0,30.124175824175815,71.0,60.0
370,370,100325930,2165228,55418603,42742099,556009.0,17326.0,329543.0,209140.0,0.021581937989510788,0.5523856394852258,455761.9600000016,145226521.0,1009461301.0,49836.0,282663.0,30.124175824175815,71.0,63.0
371,371,100923844,2181892,55759372,42982580,597914.0,16664.0,340769.0,240481.0,0.02161919238827249,0.5524895781813464,464447.7800000007,153387139.0,1012134422.0,49231.0,276276.0,30.124175824175815,71.0,63.0
372,372,101538493,2198920,56075031,43264542,614649.0,17028.0,315659.0,281962.0,0.021656023592944204,0.5522539220667771,482711.38999999984,162184084.0,1055897478.0,48547.0,272959.0,30.124175824175815,71.0,60.0
373,373,102128615,2213838,56439138,43475639,590122.0,14918.0,364107.0,211097.0,0.02167696095751421,0.5526280562994025,565431.4,169714709.0,1016967869.0,47891.0,267207.0,30.124175824175815,70.0,65.0
374,374,102643720,2227396,56790304,43626020,515105.0,13558.0,351166.0,150381.0,0.02170026573471811,0.5532759724608578,548965.8599999999,178030802.0,1009972402.0,42507.0,230233.0,30.124175824175815,62.0,54.0
375,375,103026115,2235365,57079203,43711547,382395.0,7969.0,288899.0,85527.0,0.02169707165993787,0.5540265494821386,422488.6299999991,185498327.0,1113809437.0,42221.0,229052.0,30.20437158469944,60.0,48.0
376,376,103472860,2245554,57351845,43875461,446745.0,10189.0,272642.0,163914.0,0.021701864624211604,0.5542694480465699,447294.9399999996,190831377.0,1076212851.0,47018.0,262440.0,30.124175824175815,65.0,54.0
377,377,103930596,2260425,57702035,43968136,457736.0,14871.0,350190.0,92675.0,0.021749370127734088,0.5551977687109578,458817.7100000011,196331891.0,1076119535.0,46322.0,256023.0,30.124175824175815,65.0,59.0
378,378,104452768,2276117,58031882,44144769,522172.0,15692.0,329847.0,176633.0,0.02179087298098218,0.5555801259378784,480918.2599999986,203829946.0,1088791413.0,45834.0,252200.0,30.124175824175815,67.0,63.0
379,379,104919624,2288647,58325871,44305106,466856.0,12530.0,293989.0,160337.0,0.021813335892244524,0.5559100268983046,492938.88999999885,213115214.0,1082497805.0,40920.0,244757.0,30.124175824175815,65.0,60.0
380,380,105455017,2305145,58607158,44542714,535393.0,16498.0,281287.0,237608.0,0.02185903587688009,0.5557550476711791,571322.5199999993,220466192.0,973656546.0,40252.0,240566.0,30.124175824175815,61.0,61.0
381,381,105827142,2315231,58901715,44610196,372125.0,10086.0,294557.0,67482.0,0.021877478274902294,0.5565841984091378,552702.4200000004,228570841.0,933419887.0,34711.0,204694.0,30.124175824175815,54.0,51.0
382,382,106225026,2323135,59199150,44702741,397884.0,7904.0,297435.0,92545.0,0.02186994051665377,0.5572994634993076,413003.7900000001,237729873.0,1116565227.0,34177.0,204898.0,30.124175824175815,50.0,44.0
383,383,106541152,2331448,59411984,44797720,316126.0,8313.0,212834.0,94979.0,0.02188307481413379,0.5576435291407399,464885.27999999997,242168138.0,989572641.0,38958.0,232923.0,30.173770491803264,63.0,53.0
384,384,106968967,2346975,59783592,44838400,427815.0,15527.0,371608.0,40680.0,0.02194070921522501,0.5588872518512775,470213.6000000011,250756338.0,957609063.0,38255.0,225886.0,30.173770491803264,60.0,59.0
385,385,107404483,2360382,60052900,44991201,435516.0,13407.0,269308.0,152801.0,0.021976568706168438,0.5591284304212888,480735.17000000115,264655004.0,1091142868.0,37468.0,220120.0,30.173770491803264,62.0,61.0
386,386,107845702,2373818,60328985,45142899,441219.0,13436.0,276085.0,151698.0,0.022011243433697526,0.5594009207710475,489713.9799999997,272563069.0,1148253551.0,36628.0,213521.0,30.173770491803264,60.0,66.0
387,387,108274938,2386265,60616584,45272089,429236.0,12447.0,287599.0,129190.0,0.022038941273741484,0.5598394708847582,584132.3999999999,289769838.0,1009144906.0,31654.0,184677.0,30.173770491803264,59.0,65.0
388,388,108648026,2396048,60862827,45389151,373088.0,9783.0,246243.0,117062.0,0.02205330449353953,0.5601834588324688,560126.579999998,300019113.0,1076746630.0,30984.0,178871.0,30.173770491803264,52.0,53.0
389,389,108941674,2402369,61058258,45481047,293648.0,6321.0,195431.0,91896.0,0.022051882551391674,0.5604674112130864,455586.4700000001,302623139.0,1187991419.0,30506.0,177889.0,30.173770491803264,51.0,48.0
390,390,109225259,2409239,61346871,45469149,283585.0,6870.0,288613.0,-11898.0,0.02205752608927208,0.5616546169050513,413068.4100000002,278337754.0,1163099125.0,30470.0,177896.0,30.173770491803264,59.0,58.0
391,391,109576107,2420130,61582276,45573701,350848.0,10891.0,235405.0,104552.0,0.022086292954357285,0.5620045983199604,425530.23000000004,327968956.0,1145520988.0,29973.0,175788.0,30.173770491803264,55.0,55.0
392,392,109971474,2431453,61876217,45663804,395367.0,11323.0,293941.0,90103.0,0.02210985186940388,0.562656975935414,456534.7700000017,337867101.0,1151037117.0,29505.0,175758.0,30.173770491803264,59.0,56.0
393,393,110374973,2442769,62112835,45819369,403499.0,11316.0,236618.0,155565.0,0.02213154788268895,0.5627438296179696,454162.310000001,348790128.0,1189110884.0,28837.0,169892.0,30.173770491803264,56.0,56.0
394,394,110787608,2453827,62347470,45986311,412635.0,11058.0,234635.0,166942.0,0.022148930230536254,0.5627657382042223,559790.5900000004,361754250.0,1159000814.0,28218.0,167257.0,30.173770491803264,57.0,56.0
395,395,111157877,2462314,62616685,46078878,370269.0,8487.0,269215.0,92567.0,0.02215150258762139,0.5633130704718299,584875.5200000001,372924304.0,1147024638.0,26704.0,162703.0,30.173770491803264,48.0,48.0
396,396,111472126,2468153,62833942,46170031,314249.0,5839.0,217257.0,91153.0,0.022141436505840034,0.5636740255586405,476463.7399999989,376457101.0,1217412597.0,26402.0,162855.0,30.25326086956521,52.0,49.0
397,397,111761092,2475072,63016509,46269511,288966.0,6919.0,182567.0,99480.0,0.02214609714085471,0.5638501545779456,500011.5700000003,387029574.0,1189052574.0,27458.0,164772.0,30.25326086956521,63.0,60.0
398,398,112149775,2486240,63295139,46368396,388683.0,11168.0,278630.0,98885.0,0.02216892543921733,0.5643804367864313,520361.3499999996,404622043.0,1190644068.0,27090.0,163196.0,30.25326086956521,61.0,62.0
399,399,112594521,2498229,63504597,46591695,444746.0,11989.0,209458.0,223299.0,0.022187838074287824,0.564011431781836,536558.8700000012,414944395.0,1186956345.0,26601.0,161105.0,30.25326086956521,63.0,70.0
400,400,113041836,2508300,63732290,46801246,447315.0,10071.0,227693.0,209551.0,0.02218913004916162,0.5637938329310221,557025.1599999998,424876373.0,1219370206.0,26185.0,159275.0,30.25326086956521,62.0,69.0
401,401,113484935,2518578,63992558,46973799,443099.0,10278.0,260268.0,172553.0,0.022193060250684377,0.5638859290001796,639660.0200000022,433772350.0,1202324461.0,25805.0,156863.0,30.25326086956521,64.0,73.0
402,402,113873828,2526694,64243283,47103851,388893.0,8116.0,250725.0,130052.0,0.022188540109497328,0.564161968806388,637839.7300000004,444935890.0,1183500586.0,25291.0,139642.0,30.25326086956521,57.0,65.0
403,403,114177059,2532081,64418459,47226519,303231.0,5387.0,175176.0,122668.0,0.02217679297554862,0.5641979182525625,507217.5600000008,456196400.0,1258048101.0,25145.0,140280.0,30.25326086956521,56.0,61.0
404,404,114483450,2539294,64633384,47310772,306391.0,7213.0,214925.0,84253.0,0.022180446169293464,0.5645653061643408,514183.8300000005,475200342.0,1222918442.0,25240.0,156586.0,30.25326086956521,63.0,78.0
405,405,114794190,2549712,64903489,47340989,310740.0,10418.0,270105.0,30217.0,0.0222111589445424,0.5653900166898691,522788.3899999997,488418719.0,1220853346.0,24970.0,155974.0,30.25326086956521,65.0,80.0
406,406,115235184,2560770,65132897,47541517,440994.0,11058.0,229408.0,200528.0,0.022222119244414102,0.5652171041788765,541013.6800000002,503177721.0,1231271531.0,24755.0,155182.0,30.25326086956521,67.0,87.0
407,407,115688329,2570532,65383177,47734620,453145.0,9762.0,250280.0,193103.0,0.022219458282606883,0.5651665778662945,559969.4300000003,520691523.0,1266020164.0,24587.0,153349.0,30.25326086956521,67.0,86.0
408,408,116135181,2580527,65609537,47945117,446852.0,9995.0,226360.0,210497.0,0.022220028227277658,0.564941100836619,657228.0199999996,533063024.0,1215692949.0,24414.0,152112.0,30.25326086956521,65.0,86.0
409,409,116545559,2588346,65846038,48111175,410378.0,7819.0,236501.0,166058.0,0.022208877131045378,0.564981098936597,658419.2699999989,539934864.0,1234299068.0,23992.0,150308.0,30.25326086956521,59.0,77.0
410,410,116913680,2593599,66084360,48235721,368121.0,5253.0,238322.0,124546.0,0.022183879593902098,0.5652406117060039,523642.77000000037,554053140.0,1280839871.0,23939.0,152268.0,30.25326086956521,57.0,70.0
411,411,117212234,2600443,66358917,48252874,298554.0,6844.0,274557.0,17153.0,0.022185764329003405,0.5661432662395974,535667.4499999994,572216031.0,902205745.0,24231.0,155630.0,30.25326086956521,65.0,83.0
412,412,117627550,2610405,66621151,48395994,415316.0,9962.0,262234.0,143120.0,0.02219212250871501,0.5663737024192037,545039.45,590603635.0,1106343299.0,24173.0,156185.0,30.25326086956521,68.0,93.0
413,413,118094648,2620077,66856505,48618066,467098.0,9672.0,235354.0,222072.0,0.02218624674676197,0.566126459854472,555660.6500000017,614273839.0,1089838766.0,24069.0,155739.0,30.25326086956521,67.0,96.0
414,414,118571474,2629832,67129121,48812521,476826.0,9755.0,272616.0,194455.0,0.022179297526486008,0.5661489963429146,580734.960000002,635379128.0,1263343449.0,23967.0,155035.0,30.25326086956521,72.0,99.0
415,415,119060483,2639449,67397676,49023358,489009.0,9617.0,268555.0,210837.0,0.022168976082517656,0.5660793094548424,0.0,652709529.0,1148219655.0,23837.0,155388.0,30.25326086956521,71.0,100.0
416,416,119515052,2648162,67650277,49216613,454569.0,8713.0,252601.0,193255.0,0.02215756053890183,0.5660398072704683,687644.9399999997,672638963.0,1102974785.0,23869.0,155634.0,30.25326086956521,65.0,83.0
417,417,119875203,2653652,67895977,49325574,360151.0,5490.0,245700.0,108961.0,0.02213678837315504,0.5663888385657208,544635.6600000005,681099264.0,1287921198.0,15032.0,121565.0,30.20437158469944,59.0,78.0
418,418,120224301,2660456,68185846,49377999,349098.0,6804.0,289869.0,52425.0,0.022129103499632742,0.5671552708798864,559776.1600000012,701588119.0,1172319873.0,1840.0,10447.0,30.20437158469944,67.0,94.0
419,419,120697267,2670453,68452306,49574508,472966.0,9997.0,266460.0,196509.0,0.022125215146752246,0.5671404804882616,569567.7400000014,702774366.0,1122577820.0,1808.0,3223.0,30.20437158469944,68.0,97.0
